Candidate_ID,Name,Age,Total_Experience,Relevant_Experience,Skill_Type,Distance_Between_Birthplace_and_Home,Last_Drawn_Compensation,Actual_Compensation,Predicted_Compensation,Gender
9001,Person_1,36,25,10,Creative,81,1809890,1809890,1391887,Female
9002,Person_2,46,23,23,Technical,676,2191472,2191574,1405449,Male
9003,Person_3,43,10,10,Creative,554,1202600,1871711,2252360,Male
9004,Person_4,36,12,12,Analytical,253,643694,1676829,1525019,Female
9005,Person_5,36,19,19,Management,108,1770880,2096909,705436,Male
9006,Person_6,49,30,0,Analytical,712,1391729,1393762,2431673,Male
9007,Person_7,22,8,8,Analytical,682,1415882,2098191,858255,Male
9008,Person_8,40,31,29,Creative,68,1274701,1274701,1458695,Female
9009,Person_9,23,1,1,Creative,287,1106638,1851191,1473863,Male
9010,Person_10,22,4,4,Technical,856,948427,948427,1321862,Male
9011,Person_11,22,36,28,Creative,45,914126,914126,587128,Male
9012,Person_12,24,13,13,Management,956,1490705,2262904,1490837,Female
9013,Person_13,35,18,18,Creative,766,871331,1965151,1585074,Male
9014,Person_14,49,28,20,Technical,923,1214327,1303759,991873,Female
9015,Person_15,38,28,28,Analytical,410,662032,662032,576052,Female
9016,Person_16,43,24,18,Management,996,1372647,2460552,1052967,Female
9017,Person_17,32,3,3,Technical,416,1172916,1172916,1134636,Male
9018,Person_18,25,3,3,Management,591,1114166,2116531,999103,Female
9019,Person_19,60,38,35,Creative,206,580072,2114134,2104517,Female
9020,Person_20,38,36,22,Technical,728,898367,2263470,1294924,Male
9021,Person_21,57,30,24,Analytical,958,809556,809556,2094460,Male
9022,Person_22,41,8,8,Creative,403,1920046,2091219,2230965,Male
9023,Person_23,53,39,20,Analytical,483,1323311,1323311,993708,Female
9024,Person_24,40,33,14,Creative,53,1762119,2021617,1911996,Male
9025,Person_25,53,30,30,Management,873,782693,1690230,2443037,Female
9026,Person_26,59,8,8,Analytical,581,660453,2498258,516650,Male
9027,Person_27,52,6,6,Creative,792,926465,926465,2190441,Male
9028,Person_28,36,30,26,Technical,96,575123,2209366,2452178,Female
9029,Person_29,32,6,6,Technical,777,1614072,1857605,2367666,Female
9030,Person_30,46,18,18,Management,727,1554136,1554136,1966580,Male
9031,Person_31,55,20,20,Creative,275,762819,814665,1974169,Male
9032,Person_32,27,35,35,Management,124,980989,980989,2253515,Male
9033,Person_33,57,8,3,Management,275,799741,2333731,1392343,Female
9034,Person_34,33,16,16,Management,169,665185,1572559,1125367,Male
9035,Person_35,46,21,21,Technical,967,1847459,1892311,600797,Female
9036,Person_36,33,27,27,Technical,160,903212,1665758,1528711,Female
9037,Person_37,35,29,12,Technical,348,1243281,1557315,2338948,Female
9038,Person_38,25,13,9,Technical,769,964633,2438988,622340,Male
9039,Person_39,57,17,12,Management,150,777121,2054621,554038,Male
9040,Person_40,31,6,5,Management,71,1506571,1555410,524899,Female
9041,Person_41,50,24,1,Creative,713,892919,892919,2474711,Male
9042,Person_42,44,31,13,Management,284,576811,1143159,1950630,Male
9043,Person_43,41,37,37,Technical,254,951051,951051,1384871,Female
9044,Person_44,22,23,12,Management,155,812664,812664,1600885,Female
9045,Person_45,26,39,0,Technical,116,1955660,2286044,660298,Male
9046,Person_46,46,12,3,Creative,850,745765,745765,721827,Female
9047,Person_47,31,12,7,Analytical,13,772219,989970,1571557,Female
9048,Person_48,43,10,10,Technical,159,970999,970999,1548073,Female
9049,Person_49,28,1,1,Analytical,363,1051726,1051726,1536147,Female
9050,Person_50,42,2,2,Management,740,796963,2109923,1770381,Female
9051,Person_51,27,19,19,Analytical,218,1201830,1313095,1115470,Male
9052,Person_52,25,1,1,Management,769,731828,731828,1734211,Male
9053,Person_53,45,13,13,Management,102,1114829,2492838,2218360,Male
9054,Person_54,40,3,3,Analytical,318,1644732,1815632,1811745,Female
9055,Person_55,56,21,9,Analytical,196,990206,1763717,1117852,Female
9056,Person_56,48,34,31,Creative,903,1264702,1264702,1114183,Female
9057,Person_57,39,10,10,Creative,307,554872,2241662,1473001,Female
9058,Person_58,58,13,13,Technical,569,856626,1712929,2092966,Male
9059,Person_59,35,0,0,Creative,822,896380,896380,1736664,Male
9060,Person_60,40,23,23,Technical,553,866847,866847,1897492,Male
9061,Person_61,58,40,23,Creative,411,1035187,1065528,603384,Male
9062,Person_62,35,31,5,Analytical,415,1509706,1509706,807769,Female
9063,Person_63,57,2,2,Management,297,647257,647257,525446,Female
9064,Person_64,58,26,1,Creative,803,1421567,1421567,2240241,Female
9065,Person_65,41,9,9,Creative,464,739764,953940,2321548,Male
9066,Person_66,38,27,2,Management,341,1378526,1378526,1739646,Female
9067,Person_67,57,6,6,Creative,652,1363906,1927652,2190067,Female
9068,Person_68,23,6,6,Management,133,545951,1892019,1235474,Female
9069,Person_69,56,20,7,Creative,725,757712,1914478,1635727,Male
9070,Person_70,39,17,17,Management,601,530604,530604,936217,Female
9071,Person_71,47,28,24,Management,920,1482079,1482079,581731,Male
9072,Person_72,37,26,21,Creative,462,1229409,1229409,1977591,Female
9073,Person_73,50,15,15,Analytical,644,1057027,1057027,1533136,Female
9074,Person_74,60,27,27,Technical,892,772456,772456,1121796,Male
9075,Person_75,44,13,13,Technical,332,948577,948577,1509397,Female
9076,Person_76,46,11,11,Technical,950,1887281,1963525,1849448,Male
9077,Person_77,60,5,5,Management,400,875120,875120,1693038,Female
9078,Person_78,56,8,8,Analytical,509,662083,662083,1322427,Female
9079,Person_79,54,40,39,Creative,36,540485,2334895,1984160,Female
9080,Person_80,37,31,30,Management,896,699772,1756416,1795837,Female
9081,Person_81,27,8,6,Management,253,1645001,1645001,528398,Male
9082,Person_82,36,40,30,Technical,754,745847,745847,1820821,Male
9083,Person_83,38,6,6,Creative,66,583698,1976516,2454277,Female
9084,Person_84,37,6,6,Management,856,932492,932492,1482037,Male
9085,Person_85,41,11,11,Technical,832,1252192,1394091,857671,Male
9086,Person_86,40,23,8,Analytical,954,1283655,1970701,1145129,Female
9087,Person_87,54,1,1,Analytical,543,1111750,1565391,2276276,Male
9088,Person_88,41,5,5,Creative,67,1043029,1308527,1131444,Female
9089,Person_89,26,8,8,Analytical,247,718359,718359,1059315,Male
9090,Person_90,54,13,13,Analytical,94,1522206,2077276,1753133,Female
9091,Person_91,60,35,8,Analytical,404,1101883,1494711,2489199,Male
9092,Person_92,34,37,17,Management,423,1546173,2061967,2004758,Male
9093,Person_93,36,18,18,Analytical,288,1272051,1272051,1766146,Female
9094,Person_94,47,6,6,Technical,291,2275689,2472699,1460132,Female
9095,Person_95,47,31,9,Management,956,2319679,2319679,800219,Male
9096,Person_96,41,15,15,Creative,129,552003,2350028,1530869,Female
9097,Person_97,57,3,3,Technical,819,606108,874311,515933,Male
9098,Person_98,41,36,8,Analytical,241,543068,543068,731882,Male
9099,Person_99,58,39,4,Analytical,593,729182,729182,1166215,Male
9100,Person_100,44,16,16,Technical,189,1391827,1766558,1589771,Female
9101,Person_101,29,4,4,Technical,900,1048753,1154613,1977914,Female
9102,Person_102,41,9,9,Management,733,811666,2291191,2337581,Male
9103,Person_103,44,36,3,Creative,178,1061750,1061750,2452996,Female
9104,Person_104,22,11,5,Analytical,997,921910,921910,1998002,Male
9105,Person_105,24,13,13,Technical,802,787485,1213280,885694,Male
9106,Person_106,53,6,6,Analytical,306,1887672,2134694,592429,Female
9107,Person_107,54,23,5,Analytical,92,840387,858442,1046111,Female
9108,Person_108,29,1,1,Technical,752,2382235,2382235,797370,Male
9109,Person_109,36,10,4,Creative,325,551568,2040028,2341717,Female
9110,Person_110,22,18,18,Analytical,352,1071357,1071357,1197106,Female
9111,Person_111,56,29,13,Creative,70,1125814,1125814,860921,Male
9112,Person_112,38,25,25,Technical,903,503045,1702864,932139,Female
9113,Person_113,44,22,22,Management,315,650080,2276928,1067406,Male
9114,Person_114,33,38,9,Analytical,161,667061,1636341,2435810,Male
9115,Person_115,54,4,4,Management,512,1683709,1683709,827121,Female
9116,Person_116,56,26,11,Management,355,902179,1269396,905527,Male
9117,Person_117,47,7,7,Analytical,78,1314042,2171906,2138337,Female
9118,Person_118,32,27,27,Creative,745,895014,895014,1235422,Male
9119,Person_119,31,4,4,Management,478,780776,780776,623299,Female
9120,Person_120,40,20,20,Analytical,835,1341984,1507571,1947195,Male
9121,Person_121,59,7,4,Management,11,548733,1771523,1148899,Male
9122,Person_122,53,25,25,Creative,807,1123733,1123733,2441624,Female
9123,Person_123,48,36,27,Technical,712,1213995,2085929,1460081,Male
9124,Person_124,31,31,18,Management,177,770025,770025,2231915,Male
9125,Person_125,47,38,35,Creative,873,772955,2336022,1562158,Female
9126,Person_126,57,12,0,Creative,591,831860,831860,980728,Female
9127,Person_127,58,28,23,Management,763,542851,1502597,793301,Female
9128,Person_128,38,35,34,Technical,863,1806977,1806977,2106412,Male
9129,Person_129,39,5,5,Management,934,783082,1203556,2071835,Female
9130,Person_130,54,21,21,Analytical,445,1145071,1351375,2172324,Male
9131,Person_131,45,37,1,Management,721,1118220,1118220,1297696,Male
9132,Person_132,29,2,2,Creative,31,728983,1162450,2302941,Male
9133,Person_133,39,21,21,Creative,594,2339313,2462765,1495415,Male
9134,Person_134,47,13,13,Management,752,555664,555664,1973264,Female
9135,Person_135,55,14,3,Creative,816,863844,863844,1024747,Female
9136,Person_136,33,14,14,Creative,319,678863,1634197,2148467,Female
9137,Person_137,54,26,26,Technical,659,986408,986408,1000630,Male
9138,Person_138,60,21,17,Analytical,862,514528,1341084,1072515,Female
9139,Person_139,44,17,17,Analytical,793,535459,535459,2241179,Male
9140,Person_140,43,10,10,Analytical,235,1878746,1878746,1853924,Male
9141,Person_141,58,39,33,Management,384,2072975,2312382,2383328,Female
9142,Person_142,59,40,25,Technical,238,649743,1809839,2080808,Female
9143,Person_143,40,37,35,Management,931,678933,1753864,1135884,Male
9144,Person_144,55,20,20,Analytical,677,1116568,1648992,1745426,Female
9145,Person_145,52,16,16,Creative,50,1319783,1975800,1020955,Female
9146,Person_146,58,5,5,Management,205,742078,742078,1521687,Female
9147,Person_147,35,8,8,Creative,572,865030,933325,2412985,Female
9148,Person_148,22,2,2,Management,148,1284080,1284080,1603617,Female
9149,Person_149,54,40,18,Management,729,1149608,1149608,1838133,Male
9150,Person_150,32,27,27,Creative,763,1573991,1573991,1822352,Male
9151,Person_151,29,35,35,Analytical,770,1730944,2467515,2201314,Female
9152,Person_152,28,4,4,Management,858,890519,925144,1387734,Male
9153,Person_153,36,8,8,Creative,286,1641138,1641138,1857021,Female
9154,Person_154,52,21,21,Creative,645,707624,2437273,2311148,Male
9155,Person_155,53,39,1,Technical,135,746158,2335709,1427184,Female
9156,Person_156,34,36,33,Technical,846,1535720,2262271,2264381,Female
9157,Person_157,51,33,33,Creative,449,1047314,1620922,1295493,Female
9158,Person_158,37,11,11,Technical,766,1687888,1687888,1236602,Male
9159,Person_159,44,25,1,Analytical,793,1423414,1423414,1800193,Male
9160,Person_160,52,23,4,Technical,451,1364619,1364619,2342963,Female
9161,Person_161,40,0,0,Management,761,1557891,1557891,2301517,Male
9162,Person_162,56,12,12,Creative,610,2074391,2216311,1267526,Female
9163,Person_163,35,33,33,Creative,413,1055672,2439853,775016,Female
9164,Person_164,38,34,27,Management,610,912587,912587,1873669,Male
9165,Person_165,33,40,1,Analytical,208,1755642,1979321,513978,Female
9166,Person_166,33,37,24,Creative,802,1389008,2409694,1755550,Female
9167,Person_167,36,26,20,Creative,167,1026662,1489304,1310596,Male
9168,Person_168,44,19,11,Management,653,545559,1996717,668858,Male
9169,Person_169,33,20,20,Creative,33,1950814,1950814,601054,Male
9170,Person_170,38,2,2,Analytical,996,979337,1586419,1360320,Female
9171,Person_171,27,3,3,Technical,670,716633,716678,1268260,Female
9172,Person_172,30,6,6,Technical,45,1292369,2070709,2036280,Female
9173,Person_173,57,31,31,Technical,141,574277,1289664,2358889,Female
9174,Person_174,51,38,6,Technical,612,1151509,1596227,2271870,Female
9175,Person_175,40,36,34,Management,83,1007572,2328678,2084289,Female
9176,Person_176,44,38,11,Analytical,372,713757,1560363,652961,Male
9177,Person_177,26,19,19,Technical,777,999316,1352743,511231,Male
9178,Person_178,51,22,1,Technical,172,967433,967433,2078357,Female
9179,Person_179,42,17,2,Technical,982,996774,996774,2332186,Female
9180,Person_180,44,36,19,Technical,614,1686272,1686272,726844,Male
9181,Person_181,34,24,24,Technical,669,1237730,1237730,615289,Female
9182,Person_182,49,5,5,Management,630,1561233,1855588,794914,Female
9183,Person_183,47,19,6,Technical,824,1758563,1758563,1457840,Male
9184,Person_184,32,39,39,Technical,553,553887,553887,1517561,Female
9185,Person_185,25,23,23,Analytical,937,1785898,1785898,1528554,Male
9186,Person_186,46,32,20,Analytical,713,1108286,1108286,1548371,Male
9187,Person_187,48,0,0,Management,971,1193824,2179985,1648405,Male
9188,Person_188,23,35,35,Analytical,308,610195,610195,838546,Male
9189,Person_189,43,34,4,Technical,760,1136134,1426290,652184,Female
9190,Person_190,40,20,11,Management,340,1040155,1040155,759109,Female
9191,Person_191,36,13,13,Technical,804,1000926,1000926,1813254,Male
9192,Person_192,60,14,4,Analytical,602,1239535,1430507,1905329,Female
9193,Person_193,22,13,13,Analytical,724,766892,766892,950501,Male
9194,Person_194,60,8,8,Technical,57,1620839,1620839,1949768,Female
9195,Person_195,56,28,12,Management,357,1806006,2166633,1193060,Female
9196,Person_196,57,40,32,Management,965,1070244,1070244,1872878,Male
9197,Person_197,54,4,4,Technical,249,540648,685901,1554061,Female
9198,Person_198,32,37,12,Technical,422,699396,699396,1268730,Female
9199,Person_199,40,29,29,Analytical,650,952712,1830960,1294492,Female
9200,Person_200,35,13,9,Creative,397,531222,531222,874380,Female
9201,Person_201,40,25,15,Technical,407,1627769,1627769,2124954,Female
9202,Person_202,37,11,11,Analytical,699,872554,872554,1759295,Male
9203,Person_203,57,19,8,Management,575,1346336,1752735,2313946,Male
9204,Person_204,23,17,0,Creative,480,2100420,2342459,1994035,Male
9205,Person_205,51,37,28,Management,681,667681,2342426,2188279,Male
9206,Person_206,54,4,4,Technical,155,1259731,1982462,672006,Female
9207,Person_207,28,40,11,Management,727,668673,668673,718855,Female
9208,Person_208,43,11,11,Technical,160,1249719,1249719,2120674,Female
9209,Person_209,28,34,27,Management,83,1136241,1136241,1605711,Female
9210,Person_210,41,35,7,Creative,638,1834049,2243704,1866675,Female
9211,Person_211,55,5,5,Technical,816,616988,616988,2106025,Male
9212,Person_212,49,14,10,Analytical,439,697126,1396072,593544,Male
9213,Person_213,51,23,3,Technical,719,1465511,1465511,1087047,Female
9214,Person_214,58,22,5,Creative,398,1818224,1846121,1105395,Female
9215,Person_215,41,40,11,Creative,140,734954,734954,1334160,Female
9216,Person_216,52,40,15,Analytical,344,1732144,1802734,1006599,Male
9217,Person_217,43,10,0,Technical,316,517029,517029,1314153,Male
9218,Person_218,54,27,27,Technical,993,1926104,1971874,2380649,Female
9219,Person_219,56,31,30,Technical,639,1253384,1674424,1401055,Male
9220,Person_220,37,22,22,Management,994,784606,784606,1068553,Male
9221,Person_221,28,3,3,Creative,479,1244767,2117396,619030,Female
9222,Person_222,30,23,12,Analytical,563,1215786,1871034,1415232,Female
9223,Person_223,48,2,2,Management,835,557916,557916,1815583,Female
9224,Person_224,48,24,24,Creative,771,669038,1364921,1890500,Male
9225,Person_225,37,38,16,Management,564,1123208,2094321,2313632,Male
9226,Person_226,44,10,10,Analytical,495,1661876,1661876,829546,Female
9227,Person_227,50,10,7,Analytical,889,1498545,1498545,1730800,Male
9228,Person_228,38,32,19,Management,399,1630128,2145414,2350410,Female
9229,Person_229,48,25,25,Technical,286,895737,895737,2383883,Female
9230,Person_230,42,6,6,Technical,42,1347117,1958328,1904237,Male
9231,Person_231,34,6,6,Management,627,651142,2375382,1258860,Male
9232,Person_232,57,12,7,Management,466,1946192,1946192,1196628,Female
9233,Person_233,45,33,7,Technical,212,607139,1728983,2432149,Male
9234,Person_234,28,25,25,Management,342,1043541,1695234,2463357,Female
9235,Person_235,29,28,23,Creative,964,570738,570738,2456539,Female
9236,Person_236,25,39,22,Management,597,744233,744233,1837244,Male
9237,Person_237,23,23,21,Technical,980,1891387,1891387,2346248,Male
9238,Person_238,49,34,34,Management,217,875468,1739338,2140284,Female
9239,Person_239,50,9,9,Management,858,1135667,1135667,1317547,Female
9240,Person_240,44,2,2,Technical,95,2234006,2428248,919588,Male
9241,Person_241,34,6,2,Analytical,769,1164748,1729171,1094042,Female
9242,Person_242,55,19,19,Analytical,557,2139079,2139079,2013210,Female
9243,Person_243,48,17,16,Technical,235,1635825,1635825,1538581,Female
9244,Person_244,60,25,25,Analytical,790,540641,540641,1157655,Female
9245,Person_245,22,10,10,Creative,268,734847,734847,1431310,Male
9246,Person_246,33,33,25,Creative,45,1923509,1923509,1556081,Male
9247,Person_247,51,4,4,Technical,345,1275761,2192607,2419312,Male
9248,Person_248,43,22,22,Technical,680,713585,1491945,1759003,Male
9249,Person_249,27,28,23,Creative,177,1153750,1153750,1028808,Female
9250,Person_250,29,32,18,Technical,275,550151,550151,1377394,Female
9251,Person_251,28,3,3,Technical,148,1005745,1296522,1620206,Male
9252,Person_252,29,35,8,Analytical,532,828396,828396,1101709,Male
9253,Person_253,55,33,7,Analytical,303,1656682,1656682,835180,Female
9254,Person_254,43,10,6,Technical,198,818568,818568,1806194,Male
9255,Person_255,22,24,14,Analytical,554,511239,736249,1061351,Male
9256,Person_256,59,3,3,Management,693,749568,2378345,1663588,Female
9257,Person_257,49,1,1,Analytical,962,783111,2159506,1476565,Female
9258,Person_258,30,29,10,Technical,796,2168128,2168128,823409,Male
9259,Person_259,40,40,32,Management,124,1120511,1120511,2471629,Male
9260,Person_260,29,8,8,Management,48,1043146,1043146,2080902,Male
9261,Person_261,34,5,5,Management,518,715379,715379,2269112,Female
9262,Person_262,31,6,6,Management,751,1388786,1388786,569397,Female
9263,Person_263,58,30,0,Technical,964,1343369,1343369,1277185,Male
9264,Person_264,32,17,7,Management,860,1210706,2055244,2327837,Male
9265,Person_265,60,27,27,Creative,207,1589178,2455836,1243242,Female
9266,Person_266,54,14,4,Creative,514,891118,891118,509225,Male
9267,Person_267,50,10,10,Management,868,1714902,1800097,644354,Female
9268,Person_268,26,15,12,Creative,914,560715,560715,1406099,Male
9269,Person_269,36,25,1,Technical,893,839021,839021,1854236,Female
9270,Person_270,22,33,9,Technical,30,688427,688427,718838,Female
9271,Person_271,36,15,9,Management,101,1302053,1889599,934902,Female
9272,Person_272,30,30,12,Analytical,852,1217294,1493095,1847747,Female
9273,Person_273,35,8,8,Technical,61,1010080,1771643,1275182,Female
9274,Person_274,24,2,2,Management,514,1330356,1330356,2481223,Male
9275,Person_275,32,24,24,Technical,192,758967,758967,1815929,Female
9276,Person_276,59,13,13,Analytical,779,1205305,1913006,615472,Female
9277,Person_277,60,12,7,Management,711,603457,603457,2487532,Female
9278,Person_278,37,36,36,Management,343,1223311,1223311,2279170,Female
9279,Person_279,29,21,21,Creative,451,904027,1655933,2001617,Male
9280,Person_280,47,18,18,Analytical,770,2052204,2052204,1559544,Female
9281,Person_281,31,37,15,Technical,272,2141123,2314851,853422,Female
9282,Person_282,43,2,2,Analytical,202,628564,655555,678838,Female
9283,Person_283,52,12,12,Management,786,1575161,1575161,2026611,Female
9284,Person_284,27,36,30,Technical,306,686058,686058,830785,Male
9285,Person_285,48,11,11,Management,878,960900,1053113,521039,Male
9286,Person_286,30,19,9,Management,908,559264,559264,1080829,Male
9287,Person_287,59,14,14,Technical,570,1425137,1425137,2184108,Male
9288,Person_288,30,15,15,Analytical,87,654096,654096,2335615,Female
9289,Person_289,34,8,8,Creative,322,1969307,1969307,1553953,Male
9290,Person_290,28,26,26,Analytical,355,1065317,2476419,1329818,Male
9291,Person_291,59,6,6,Management,175,814874,814874,1391921,Female
9292,Person_292,44,17,4,Creative,405,721294,721294,1845816,Female
9293,Person_293,31,39,26,Analytical,383,826869,847231,837792,Female
9294,Person_294,45,7,7,Creative,91,803045,1697099,2439140,Female
9295,Person_295,60,0,0,Analytical,336,912671,912671,1725503,Male
9296,Person_296,43,8,8,Creative,901,1160022,1160022,1994988,Male
9297,Person_297,24,18,18,Creative,851,561462,561462,737796,Male
9298,Person_298,58,33,18,Technical,593,943089,943089,1751373,Female
9299,Person_299,46,21,9,Technical,82,1445174,1989808,825530,Female
9300,Person_300,56,29,29,Creative,401,1625840,1625840,635331,Male
9301,Person_301,25,26,26,Analytical,919,1105313,1520240,918599,Male
9302,Person_302,41,27,15,Creative,634,1600722,1874744,1956553,Male
9303,Person_303,57,10,10,Technical,610,628632,628632,1978617,Male
9304,Person_304,22,12,12,Technical,342,613544,2484485,2004290,Female
9305,Person_305,41,7,0,Management,709,720041,1301920,1579182,Female
9306,Person_306,32,21,21,Creative,861,686748,2446882,892629,Male
9307,Person_307,40,37,0,Technical,797,937014,1992776,1410609,Male
9308,Person_308,57,32,24,Creative,887,906800,2161262,738886,Male
9309,Person_309,55,38,17,Creative,485,956099,1215576,1914802,Male
9310,Person_310,26,15,5,Creative,202,1736545,1736545,1385397,Male
9311,Person_311,56,5,5,Technical,945,761486,1671598,816320,Male
9312,Person_312,35,18,2,Technical,176,1855236,2144131,2221482,Female
9313,Person_313,51,39,9,Analytical,228,1655877,2369606,2269616,Male
9314,Person_314,42,4,3,Creative,543,1904265,1904265,1107554,Male
9315,Person_315,27,9,9,Creative,693,1175422,2400290,1959366,Female
9316,Person_316,27,30,16,Analytical,781,570493,570493,2223785,Female
9317,Person_317,43,25,25,Analytical,131,1009325,1296489,1746365,Female
9318,Person_318,30,37,33,Technical,147,2118104,2348746,1496889,Male
9319,Person_319,45,29,29,Management,548,880044,880044,1562321,Male
9320,Person_320,59,23,7,Creative,195,562685,562685,1818207,Female
9321,Person_321,43,34,10,Analytical,918,2100702,2438420,521869,Female
9322,Person_322,54,6,6,Analytical,469,1621967,1621967,2186864,Female
9323,Person_323,28,16,16,Technical,988,1596855,2105466,1107073,Female
9324,Person_324,30,5,5,Creative,448,739384,2176059,1557573,Female
9325,Person_325,33,14,11,Management,916,1747720,1818710,1201936,Female
9326,Person_326,44,3,3,Creative,502,517828,575983,1191008,Female
9327,Person_327,47,4,4,Management,829,2425778,2425778,2222265,Female
9328,Person_328,25,4,4,Technical,738,501785,501785,911510,Male
9329,Person_329,45,23,23,Creative,883,1699287,1699287,1915210,Female
9330,Person_330,60,28,28,Technical,875,1282879,1282879,859731,Female
9331,Person_331,34,15,15,Management,297,559040,559040,1670922,Female
9332,Person_332,32,11,11,Management,214,1333076,1642142,810796,Female
9333,Person_333,52,20,20,Creative,203,1336059,1520470,2058801,Male
9334,Person_334,47,27,27,Technical,462,1188630,1376455,1011631,Male
9335,Person_335,47,20,20,Creative,496,953313,1066670,1948079,Female
9336,Person_336,38,26,15,Creative,508,543572,543572,944330,Male
9337,Person_337,46,20,20,Management,236,1123389,1893695,569679,Female
9338,Person_338,50,6,6,Analytical,462,1519900,1519900,1352185,Male
9339,Person_339,37,27,27,Analytical,526,939079,1462628,1792712,Female
9340,Person_340,24,14,14,Technical,504,879638,879638,506027,Male
9341,Person_341,48,16,12,Creative,218,867815,867815,1482823,Male
9342,Person_342,26,29,13,Analytical,258,632695,632695,1812534,Female
9343,Person_343,58,25,19,Management,496,793700,793700,1773649,Female
9344,Person_344,58,36,36,Creative,376,1295965,1295965,1505367,Male
9345,Person_345,34,28,28,Technical,253,1156550,1699972,610265,Female
9346,Person_346,35,24,7,Analytical,570,1049807,1049807,991936,Female
9347,Person_347,49,15,14,Technical,772,1311702,1311702,1709513,Female
9348,Person_348,59,35,35,Creative,866,1888430,2393551,612858,Female
9349,Person_349,48,13,8,Analytical,281,1164784,1291050,1865130,Male
9350,Person_350,45,37,37,Analytical,876,574143,1014232,768480,Female
9351,Person_351,40,7,7,Technical,448,1300030,1813605,589012,Female
9352,Person_352,52,31,31,Creative,730,1831692,1831692,2119511,Female
9353,Person_353,24,31,31,Management,958,1255364,2070464,2106674,Female
9354,Person_354,26,28,26,Technical,404,951974,951974,704960,Male
9355,Person_355,40,32,4,Analytical,692,1461535,2389052,921845,Female
9356,Person_356,50,28,18,Analytical,214,2231027,2251274,1720531,Female
9357,Person_357,38,15,10,Creative,960,891112,1351196,2251190,Female
9358,Person_358,33,15,2,Creative,905,1131882,1303637,1491479,Male
9359,Person_359,53,21,1,Analytical,861,1972082,1972082,1202518,Female
9360,Person_360,38,23,23,Analytical,602,506613,506613,1105088,Female
9361,Person_361,28,22,20,Creative,275,1813182,2264132,2397655,Female
9362,Person_362,54,34,34,Technical,132,1046329,2310973,1110794,Female
9363,Person_363,44,0,0,Analytical,182,1748320,2146390,920103,Female
9364,Person_364,26,8,8,Analytical,248,1514281,2008045,991192,Male
9365,Person_365,28,26,26,Technical,419,869218,1298768,1739923,Male
9366,Person_366,54,40,34,Technical,815,980727,1823006,1241308,Female
9367,Person_367,47,21,21,Management,473,631024,631024,2030816,Female
9368,Person_368,49,25,25,Technical,941,1577966,2459050,2454517,Female
9369,Person_369,56,11,11,Analytical,52,649199,758214,2494739,Male
9370,Person_370,31,14,14,Technical,71,1283867,2336466,1733545,Female
9371,Person_371,37,5,5,Analytical,759,1018554,1018554,1504835,Male
9372,Person_372,49,8,8,Analytical,995,1821921,1821921,2280736,Male
9373,Person_373,41,4,4,Management,121,864983,864983,2171866,Female
9374,Person_374,48,8,8,Creative,989,534531,534531,1229387,Male
9375,Person_375,36,33,16,Technical,132,595504,595504,2330906,Female
9376,Person_376,46,36,17,Management,880,616836,2496508,1423233,Female
9377,Person_377,37,40,18,Technical,602,1192888,1192888,1583011,Male
9378,Person_378,44,39,33,Creative,713,1640818,1640818,2336181,Female
9379,Person_379,46,0,0,Management,200,928685,928685,812378,Male
9380,Person_380,52,32,21,Management,734,1519926,1519926,1585410,Female
9381,Person_381,30,31,31,Analytical,313,1705781,2370275,774954,Male
9382,Person_382,57,17,11,Management,537,1330466,2174469,1033762,Male
9383,Person_383,40,0,0,Creative,456,880153,1803065,2055029,Female
9384,Person_384,38,37,31,Creative,946,981792,1514078,1063287,Female
9385,Person_385,30,3,0,Technical,649,1850773,1869434,679203,Female
9386,Person_386,57,5,5,Technical,28,1149514,1660629,1353449,Male
9387,Person_387,51,33,13,Management,358,762197,762197,2199843,Female
9388,Person_388,29,13,13,Management,592,855047,855047,1828211,Female
9389,Person_389,27,29,3,Creative,161,626738,626738,1479750,Female
9390,Person_390,55,36,7,Analytical,577,724218,724218,2294006,Male
9391,Person_391,28,23,23,Creative,999,722401,1876045,2051799,Female
9392,Person_392,24,10,10,Analytical,773,1119148,2347348,527456,Female
9393,Person_393,22,28,13,Creative,744,2091064,2091064,1184058,Female
9394,Person_394,43,21,18,Management,702,1191193,1191193,1949362,Female
9395,Person_395,59,33,32,Technical,616,566455,566455,1617073,Male
9396,Person_396,35,39,33,Creative,344,1560081,2320233,939641,Male
9397,Person_397,22,16,3,Analytical,314,587240,1916472,1162444,Male
9398,Person_398,34,4,4,Creative,875,676886,1634025,2260851,Male
9399,Person_399,48,31,31,Management,261,1477288,1477288,1919045,Male
9400,Person_400,38,21,21,Management,902,522157,522157,1324677,Male
9401,Person_401,56,38,35,Management,155,577030,577030,1058701,Male
9402,Person_402,44,34,18,Management,657,838628,838628,2066731,Male
9403,Person_403,56,20,16,Management,532,727542,727542,1750715,Female
9404,Person_404,22,13,3,Analytical,746,1607472,2257782,536585,Female
9405,Person_405,28,12,12,Creative,836,2030508,2455240,1465338,Male
9406,Person_406,53,33,31,Management,852,880961,1805521,1765119,Female
9407,Person_407,52,29,29,Analytical,898,724360,724360,702439,Male
9408,Person_408,25,17,6,Technical,583,1307925,2012943,1868896,Female
9409,Person_409,36,5,2,Technical,938,1397511,2323570,1984404,Female
9410,Person_410,22,4,4,Creative,320,567961,1395925,599423,Male
9411,Person_411,52,32,32,Analytical,263,704917,2446751,1904384,Female
9412,Person_412,31,32,1,Creative,422,1562271,1562271,2474962,Female
9413,Person_413,39,2,2,Management,741,1464162,1840939,1148811,Male
9414,Person_414,46,17,17,Creative,181,1248076,1248076,2343434,Male
9415,Person_415,32,12,5,Creative,494,1481169,2202528,1931920,Male
9416,Person_416,33,1,1,Creative,50,626924,626924,2481795,Male
9417,Person_417,57,12,12,Analytical,788,1028234,1028234,1513112,Male
9418,Person_418,38,7,7,Management,144,1265627,1265627,753269,Male
9419,Person_419,60,7,7,Technical,474,1117858,1752040,2153729,Male
9420,Person_420,24,30,0,Technical,527,2411239,2411239,2189113,Female
9421,Person_421,43,23,23,Analytical,427,1544198,1544198,2450825,Female
9422,Person_422,50,18,18,Creative,720,908373,908373,1032782,Male
9423,Person_423,42,34,20,Technical,34,1450650,1450650,693354,Male
9424,Person_424,32,16,16,Management,924,590771,731641,841602,Male
9425,Person_425,23,40,0,Creative,804,527005,540600,1145419,Female
9426,Person_426,39,23,2,Technical,803,2023994,2387129,676517,Female
9427,Person_427,28,3,3,Creative,66,1593148,2254968,1851339,Male
9428,Person_428,39,39,23,Management,717,1467061,1467061,632501,Female
9429,Person_429,42,39,24,Technical,536,1302143,2222037,2370680,Male
9430,Person_430,38,13,12,Technical,638,802625,1672209,2027313,Female
9431,Person_431,38,4,4,Analytical,885,986728,986728,684104,Male
9432,Person_432,30,36,12,Technical,904,1101540,1170149,1054299,Female
9433,Person_433,46,20,20,Analytical,663,526601,2164965,1513505,Male
9434,Person_434,31,36,5,Technical,74,507582,1604338,655264,Male
9435,Person_435,42,33,26,Management,131,1549556,1549556,703407,Male
9436,Person_436,58,1,1,Technical,693,1120136,1120136,803852,Male
9437,Person_437,46,22,8,Analytical,929,666784,666784,2301631,Female
9438,Person_438,29,14,1,Management,133,1020644,1922533,1282092,Male
9439,Person_439,30,10,10,Creative,580,1312894,1558968,1289078,Female
9440,Person_440,53,18,5,Analytical,928,1248494,1248494,1189889,Female
9441,Person_441,52,3,2,Creative,169,1104072,1104072,1427496,Female
9442,Person_442,23,21,10,Management,453,692313,1552410,2452763,Male
9443,Person_443,44,32,23,Analytical,862,508000,2077275,2294001,Female
9444,Person_444,25,24,24,Creative,51,1177902,1356342,1459431,Female
9445,Person_445,43,21,3,Technical,779,1901846,2045771,538958,Male
9446,Person_446,30,2,2,Analytical,361,1013400,1013400,968326,Female
9447,Person_447,56,40,2,Analytical,200,1026615,1026615,1785977,Male
9448,Person_448,26,17,10,Technical,338,979790,1461924,1573871,Male
9449,Person_449,30,17,17,Analytical,607,1195473,1195473,1795940,Female
9450,Person_450,50,31,22,Creative,98,898148,898148,1207108,Female
9451,Person_451,45,14,14,Management,479,1339164,1339164,580052,Female
9452,Person_452,29,13,13,Analytical,697,960257,1143228,2012601,Female
9453,Person_453,47,0,0,Creative,150,1894161,2411392,1731948,Male
9454,Person_454,22,34,18,Technical,201,1835266,2484199,884626,Male
9455,Person_455,42,16,2,Creative,502,1265872,1265872,544686,Female
9456,Person_456,39,6,6,Creative,535,1667526,1916621,2392735,Female
9457,Person_457,27,35,22,Creative,902,2250411,2250411,1404692,Female
9458,Person_458,45,40,18,Analytical,983,569732,2395588,1472154,Male
9459,Person_459,46,0,0,Technical,50,571541,2194534,1742366,Female
9460,Person_460,45,10,10,Creative,956,555312,555312,690818,Male
9461,Person_461,56,11,11,Analytical,827,957314,957314,2282372,Male
9462,Person_462,37,7,0,Technical,493,643162,1900582,2210540,Female
9463,Person_463,42,1,1,Technical,41,1822718,1822718,1032990,Male
9464,Person_464,37,19,7,Management,238,799863,799863,1271378,Male
9465,Person_465,32,36,36,Creative,552,639501,639501,2019600,Female
9466,Person_466,42,12,12,Technical,866,1513805,1930316,867726,Male
9467,Person_467,60,1,1,Management,290,804425,1389231,1687021,Female
9468,Person_468,59,4,4,Management,13,1374772,2467001,1711052,Male
9469,Person_469,52,34,15,Creative,620,1173421,1862687,2049473,Female
9470,Person_470,53,31,0,Analytical,183,1566995,1762752,1611327,Male
9471,Person_471,52,28,11,Creative,857,584435,584435,2163275,Male
9472,Person_472,37,12,5,Management,715,771334,1284947,845253,Male
9473,Person_473,50,17,17,Technical,744,1267063,1267063,965006,Female
9474,Person_474,37,20,20,Management,572,1057835,1057835,1497201,Male
9475,Person_475,51,23,14,Creative,271,666446,666446,777087,Male
9476,Person_476,24,11,11,Management,611,1492610,2212531,1177678,Male
9477,Person_477,55,7,7,Creative,659,1736679,2108889,2130378,Male
9478,Person_478,42,6,6,Management,618,1841357,2237586,1919848,Male
9479,Person_479,45,25,5,Management,664,1225430,1225430,729813,Female
9480,Person_480,43,3,3,Technical,429,875645,2228531,1004710,Male
9481,Person_481,55,20,7,Technical,833,771922,771922,1060267,Male
9482,Person_482,41,15,15,Management,326,1615146,1940169,1101943,Female
9483,Person_483,48,6,5,Analytical,700,1195164,2356596,550359,Male
9484,Person_484,46,25,25,Creative,366,706589,954922,1555787,Female
9485,Person_485,45,40,32,Technical,939,934205,934205,1582145,Male
9486,Person_486,33,13,13,Creative,661,537096,2395427,1125489,Female
9487,Person_487,35,37,11,Technical,58,889359,889359,957281,Female
9488,Person_488,54,32,1,Analytical,781,1258551,2154129,1585308,Female
9489,Person_489,60,9,9,Technical,487,682252,1255597,734601,Male
9490,Person_490,24,8,8,Management,618,1805948,2026738,1160180,Female
9491,Person_491,43,20,20,Analytical,291,675744,1564226,524692,Male
9492,Person_492,43,24,2,Creative,609,862001,862001,523472,Female
9493,Person_493,41,6,6,Technical,116,936605,1752297,1179161,Female
9494,Person_494,32,32,32,Technical,132,1667328,1667328,2416754,Male
9495,Person_495,27,15,10,Management,135,1238856,2058348,2455059,Male
9496,Person_496,52,9,9,Technical,624,1301921,1301921,510172,Male
9497,Person_497,52,10,10,Technical,833,783356,783356,1600931,Male
9498,Person_498,60,24,24,Creative,888,1549288,1698490,994349,Male
9499,Person_499,35,20,20,Technical,940,509958,509958,834107,Female
9500,Person_500,30,34,9,Management,631,684713,684713,2279785,Female
9501,Person_501,47,14,3,Technical,491,998069,998069,1935799,Male
9502,Person_502,54,12,8,Technical,305,1938713,2041928,1303835,Male
9503,Person_503,27,36,1,Analytical,16,665684,665684,1786336,Female
9504,Person_504,33,21,4,Technical,328,1107237,1661610,1601555,Male
9505,Person_505,56,30,18,Analytical,371,1043787,1043787,1641450,Female
9506,Person_506,59,34,2,Management,799,1137273,1137273,804930,Male
9507,Person_507,60,12,10,Technical,942,1246167,2269314,1279625,Female
9508,Person_508,50,22,22,Technical,367,1468108,1468108,1520574,Female
9509,Person_509,45,16,12,Management,547,1187280,1187280,1044840,Female
9510,Person_510,35,14,11,Creative,309,1242971,2446716,1101749,Female
9511,Person_511,23,33,32,Management,333,1005815,2377056,1268496,Male
9512,Person_512,52,38,17,Analytical,100,1949848,2150451,961662,Male
9513,Person_513,31,32,19,Management,613,1010170,1010170,1613219,Male
9514,Person_514,55,27,27,Creative,220,853572,1673572,1918915,Male
9515,Person_515,34,32,5,Management,315,1420971,1575564,2350422,Male
9516,Person_516,57,24,3,Management,790,1252628,1252628,1974531,Male
9517,Person_517,26,2,2,Technical,754,1209267,2082107,2210071,Female
9518,Person_518,47,36,16,Analytical,921,1349273,2072052,2449254,Male
9519,Person_519,60,7,7,Management,204,1081344,1081344,635868,Male
9520,Person_520,44,15,15,Management,448,1640781,2408929,1038481,Male
9521,Person_521,37,17,17,Analytical,981,846154,2319488,665754,Female
9522,Person_522,28,35,32,Analytical,536,727258,2319322,996667,Female
9523,Person_523,52,14,5,Management,18,905683,2086170,1165689,Female
9524,Person_524,22,25,13,Management,259,845729,845729,1777963,Male
9525,Person_525,32,19,19,Creative,248,843161,865798,2277135,Male
9526,Person_526,51,23,23,Technical,508,1290295,1290295,1817941,Male
9527,Person_527,26,3,3,Creative,745,862618,862618,966408,Male
9528,Person_528,48,10,7,Creative,505,966515,2218947,1942932,Female
9529,Person_529,43,37,37,Analytical,927,887423,887423,1076683,Male
9530,Person_530,49,3,3,Management,281,998535,998535,1298424,Female
9531,Person_531,24,33,2,Technical,725,925185,1517328,2165939,Female
9532,Person_532,29,22,22,Creative,887,831880,1688228,1514768,Female
9533,Person_533,47,10,10,Management,703,1631327,1721384,537614,Female
9534,Person_534,33,7,7,Management,802,1804055,1804055,2459834,Female
9535,Person_535,41,37,35,Analytical,84,1158253,1158253,1377144,Male
9536,Person_536,27,9,9,Creative,396,1427031,1427031,1149442,Male
9537,Person_537,36,18,18,Analytical,237,2236328,2377376,1626816,Male
9538,Person_538,22,25,25,Management,647,1330649,1691487,1936887,Male
9539,Person_539,49,9,9,Technical,129,1353371,1646941,1943270,Male
9540,Person_540,34,24,10,Management,594,1738788,2170542,2320596,Female
9541,Person_541,37,29,0,Technical,878,1152741,2153993,1180876,Female
9542,Person_542,52,25,25,Creative,451,1107970,1107970,1184604,Female
9543,Person_543,26,25,7,Technical,844,565130,1180674,1798483,Male
9544,Person_544,49,29,26,Analytical,808,1586222,1586222,2192997,Male
9545,Person_545,31,26,26,Technical,309,905278,1564118,1571991,Male
9546,Person_546,22,18,5,Analytical,676,735021,860897,560348,Male
9547,Person_547,27,24,6,Technical,345,733416,2153090,1161318,Female
9548,Person_548,55,7,1,Creative,300,534776,534776,2186647,Female
9549,Person_549,54,36,36,Technical,996,1783373,2041798,1364104,Female
9550,Person_550,37,19,16,Creative,807,1362314,1362314,668538,Female
9551,Person_551,40,30,6,Creative,918,804064,804064,1011934,Male
9552,Person_552,48,8,8,Analytical,195,556756,2142817,2022856,Female
9553,Person_553,40,14,14,Technical,302,1459336,2422083,2212957,Male
9554,Person_554,40,16,16,Management,153,1389868,1397763,1039495,Female
9555,Person_555,41,38,22,Analytical,211,719774,1805826,1798593,Female
9556,Person_556,31,25,25,Analytical,396,1166446,1166446,1092958,Male
9557,Person_557,41,21,21,Creative,565,970460,970460,1116413,Female
9558,Person_558,46,7,7,Technical,313,1194043,1703024,849366,Female
9559,Person_559,54,11,11,Management,925,504204,1676118,1995702,Female
9560,Person_560,50,0,0,Technical,693,764156,764156,1812588,Female
9561,Person_561,41,4,4,Analytical,500,673460,944358,1107103,Male
9562,Person_562,58,33,2,Management,653,1878268,1973715,1903236,Female
9563,Person_563,45,3,3,Technical,974,1508713,1508713,841198,Male
9564,Person_564,57,35,23,Analytical,228,1979140,2474823,1842632,Female
9565,Person_565,45,10,6,Analytical,289,2029092,2029092,1717478,Female
9566,Person_566,38,21,0,Management,527,521552,521552,729302,Female
9567,Person_567,34,2,2,Management,362,2197776,2197776,2321857,Female
9568,Person_568,33,15,15,Creative,889,535005,1475725,2110630,Male
9569,Person_569,35,9,9,Creative,740,1084359,1084359,1051466,Male
9570,Person_570,52,14,12,Analytical,389,1553320,1553320,1575760,Female
9571,Person_571,40,21,21,Technical,461,934401,1031432,1532034,Female
9572,Person_572,32,5,5,Analytical,942,720446,720446,1648089,Female
9573,Person_573,52,39,24,Creative,257,2254671,2254671,846275,Female
9574,Person_574,58,17,17,Analytical,262,693487,2391746,1754037,Male
9575,Person_575,49,5,5,Management,803,1842678,2193811,1987177,Male
9576,Person_576,60,10,2,Technical,913,635752,635752,1221650,Male
9577,Person_577,25,15,15,Management,752,744908,744908,1305702,Male
9578,Person_578,24,20,18,Creative,180,1349208,1611155,871695,Female
9579,Person_579,22,20,20,Analytical,354,1513704,1793846,1959829,Male
9580,Person_580,49,27,26,Management,518,1205597,2065713,515805,Male
9581,Person_581,60,30,0,Technical,163,925103,2431056,1846290,Male
9582,Person_582,22,11,11,Management,940,554882,554882,1450581,Female
9583,Person_583,40,12,12,Management,401,1723162,1723162,2382423,Male
9584,Person_584,45,27,27,Technical,947,866004,884751,1612945,Female
9585,Person_585,33,9,9,Technical,290,1416705,1416705,834416,Female
9586,Person_586,29,30,26,Technical,838,2300185,2438721,1755291,Male
9587,Person_587,42,13,13,Management,999,1011941,1214225,1944662,Female
9588,Person_588,25,33,17,Technical,569,2008575,2008575,2311207,Male
9589,Person_589,26,16,6,Management,942,865795,865795,1300243,Female
9590,Person_590,59,32,6,Analytical,640,1820636,1975270,1405365,Female
9591,Person_591,30,19,19,Management,847,1348698,1348698,1337888,Male
9592,Person_592,39,10,1,Analytical,841,1160245,1160245,2181119,Male
9593,Person_593,24,39,26,Analytical,362,1340123,1340123,621402,Female
9594,Person_594,36,11,4,Creative,447,1322988,2124985,1890737,Male
9595,Person_595,33,39,8,Analytical,176,1716996,1716996,612301,Male
9596,Person_596,43,5,5,Analytical,548,502896,2066308,983455,Female
9597,Person_597,32,18,14,Analytical,459,549970,1345211,2260934,Male
9598,Person_598,24,28,12,Technical,960,2349242,2349242,1522110,Male
9599,Person_599,23,38,21,Creative,21,815522,815522,1934947,Female
9600,Person_600,37,37,20,Management,854,1758684,1758684,1952582,Female
9601,Person_601,51,36,25,Management,899,1196907,1196907,1964083,Male
9602,Person_602,22,35,12,Analytical,889,1219266,1219266,1558895,Female
9603,Person_603,32,4,4,Analytical,165,668776,1855201,1672035,Male
9604,Person_604,25,38,18,Creative,569,794117,899996,1824147,Male
9605,Person_605,49,13,13,Analytical,332,2064670,2279444,2358602,Male
9606,Person_606,51,31,21,Management,543,507879,2337628,2025873,Male
9607,Person_607,38,16,16,Management,463,586574,586574,1522500,Male
9608,Person_608,56,38,6,Analytical,447,647974,647974,944090,Male
9609,Person_609,46,32,2,Analytical,801,1381206,2368365,2429300,Female
9610,Person_610,33,20,20,Creative,258,1339443,1339443,1620770,Male
9611,Person_611,28,3,3,Analytical,516,1250983,1250983,1255835,Female
9612,Person_612,30,2,2,Management,969,1463115,2289914,2401029,Male
9613,Person_613,36,21,7,Technical,924,1444438,2385243,1050246,Female
9614,Person_614,34,13,13,Management,955,1181150,1386247,1245047,Female
9615,Person_615,34,0,0,Creative,269,1416679,1416679,2174847,Male
9616,Person_616,54,3,1,Creative,812,1792858,1792858,1586373,Male
9617,Person_617,56,40,10,Creative,418,1295657,2182640,1272793,Female
9618,Person_618,54,34,29,Technical,641,1627365,2221234,1371783,Female
9619,Person_619,31,40,7,Technical,980,1019086,1836029,1423885,Female
9620,Person_620,50,39,15,Analytical,149,1364729,1798073,1010568,Male
9621,Person_621,57,40,32,Technical,305,1056826,1608273,2040736,Female
9622,Person_622,40,33,33,Technical,51,777483,1525135,1371763,Male
9623,Person_623,47,40,22,Analytical,706,584824,2043660,1878557,Female
9624,Person_624,37,32,16,Technical,143,608812,743847,1172475,Female
9625,Person_625,47,8,8,Analytical,197,982524,982524,1060148,Female
9626,Person_626,31,19,19,Analytical,887,1641765,2051842,1945285,Male
9627,Person_627,53,6,6,Creative,796,539273,539273,1325620,Female
9628,Person_628,51,16,1,Analytical,990,683367,1473225,584855,Female
9629,Person_629,29,19,18,Analytical,37,1114953,1114953,2223088,Female
9630,Person_630,29,24,13,Management,868,855657,855657,1837917,Female
9631,Person_631,55,11,11,Creative,705,2443648,2485741,1108453,Female
9632,Person_632,24,11,11,Analytical,101,1990442,2205695,972833,Female
9633,Person_633,44,17,17,Technical,840,1971314,2305728,1214182,Male
9634,Person_634,39,5,5,Technical,426,1610766,1610766,915714,Male
9635,Person_635,30,4,4,Analytical,808,1495292,1495292,1489692,Male
9636,Person_636,45,17,15,Analytical,915,1311259,1489618,2125448,Female
9637,Person_637,28,36,28,Management,694,1366568,1366568,770839,Male
9638,Person_638,30,2,2,Management,619,1232115,1232115,1743975,Female
9639,Person_639,32,19,14,Management,1000,1223136,1223136,2493572,Male
9640,Person_640,52,3,3,Creative,256,1830224,2055397,2468217,Female
9641,Person_641,50,10,10,Technical,656,858592,858592,2301321,Female
9642,Person_642,28,40,34,Analytical,329,1559257,2179671,515785,Female
9643,Person_643,35,13,13,Technical,224,1319058,2076797,1358609,Male
9644,Person_644,40,32,7,Creative,490,1890681,2443469,860541,Female
9645,Person_645,39,21,0,Management,263,1485473,2186830,2218524,Female
9646,Person_646,24,4,4,Technical,151,655184,2327285,1781479,Male
9647,Person_647,41,14,14,Technical,381,1195529,2220141,2320745,Female
9648,Person_648,56,22,22,Technical,350,1302975,1302975,2015074,Male
9649,Person_649,37,31,30,Analytical,497,1084645,1084645,1009434,Male
9650,Person_650,25,21,13,Management,923,532363,1040124,805586,Male
9651,Person_651,25,9,9,Analytical,567,1457918,1457918,1487618,Male
9652,Person_652,57,7,7,Technical,575,1489342,1489342,2352190,Female
9653,Person_653,32,8,5,Creative,229,642505,642505,579924,Female
9654,Person_654,27,14,14,Technical,384,1270015,2487533,2406621,Female
9655,Person_655,46,31,31,Technical,51,815109,1049272,513010,Male
9656,Person_656,24,18,18,Analytical,830,1618971,1618971,2134487,Male
9657,Person_657,25,39,17,Technical,639,769616,769616,722862,Female
9658,Person_658,28,8,0,Technical,370,2210128,2480381,1434028,Female
9659,Person_659,22,8,8,Technical,392,1587996,1587996,2299666,Female
9660,Person_660,37,1,1,Management,825,672920,1031432,1539877,Male
9661,Person_661,23,1,1,Creative,972,838986,2258124,1426199,Male
9662,Person_662,60,33,33,Analytical,367,771443,771443,1305852,Male
9663,Person_663,31,21,8,Creative,478,1512546,1512546,810145,Male
9664,Person_664,38,8,8,Analytical,60,1007950,1007950,1972550,Female
9665,Person_665,59,18,5,Creative,14,850601,850601,1945832,Male
9666,Person_666,55,5,5,Technical,847,1452132,1452132,1856660,Male
9667,Person_667,29,37,13,Creative,772,585476,585476,2310266,Female
9668,Person_668,26,3,3,Management,433,1983715,1983715,1340179,Male
9669,Person_669,35,39,0,Analytical,244,1493973,1493973,2395520,Female
9670,Person_670,40,28,15,Creative,348,651982,651982,2223947,Male
9671,Person_671,34,38,38,Technical,253,921868,1773330,836520,Female
9672,Person_672,45,17,10,Creative,860,1569764,1569764,887271,Male
9673,Person_673,49,2,2,Technical,555,631494,631494,885961,Female
9674,Person_674,55,28,23,Technical,64,509656,509656,2278246,Female
9675,Person_675,25,37,29,Creative,115,1712260,1887983,2217416,Male
9676,Person_676,59,22,1,Management,215,1197342,1913808,2485790,Male
9677,Person_677,27,24,23,Creative,204,954320,1347604,2400204,Female
9678,Person_678,49,18,6,Technical,639,856112,856112,1083124,Male
9679,Person_679,33,33,1,Technical,492,1204567,1204567,2372425,Male
9680,Person_680,34,31,31,Creative,927,545326,637667,833959,Female
9681,Person_681,29,4,4,Analytical,772,547208,547208,1067814,Female
9682,Person_682,22,36,6,Creative,355,774342,1813092,1524274,Female
9683,Person_683,30,12,12,Analytical,304,2094488,2272815,1689506,Male
9684,Person_684,35,36,36,Analytical,317,1602495,1829793,2388101,Male
9685,Person_685,52,25,11,Creative,172,1042526,1491354,2009064,Male
9686,Person_686,29,40,32,Creative,335,815476,1544401,2258132,Male
9687,Person_687,49,21,21,Creative,778,1304514,1304514,1625185,Male
9688,Person_688,25,35,34,Creative,478,858261,858261,2163627,Male
9689,Person_689,58,7,7,Technical,928,1383398,1865647,1414503,Female
9690,Person_690,48,19,16,Analytical,404,565831,1696135,1407428,Female
9691,Person_691,51,35,19,Management,707,631003,631003,1457979,Female
9692,Person_692,39,0,0,Technical,648,832999,832999,1196681,Male
9693,Person_693,58,0,0,Technical,755,1073303,1139491,1836437,Female
9694,Person_694,56,20,15,Technical,365,687982,687982,1574219,Male
9695,Person_695,24,2,2,Creative,519,1069370,1069370,1486687,Male
9696,Person_696,23,30,30,Management,912,615305,1333489,1775252,Female
9697,Person_697,56,24,24,Creative,808,2158476,2158476,2072258,Male
9698,Person_698,41,8,8,Technical,194,500819,576774,2478781,Female
9699,Person_699,57,14,9,Technical,686,675993,1649885,988481,Male
9700,Person_700,56,3,3,Creative,422,1348868,1348868,1159032,Male
9701,Person_701,32,2,2,Technical,203,540902,2456743,750389,Female
9702,Person_702,26,30,30,Technical,660,1445396,2443387,1188300,Female
9703,Person_703,32,9,9,Analytical,574,1812060,2100467,1410076,Female
9704,Person_704,28,27,3,Analytical,305,1224294,2086441,2342435,Female
9705,Person_705,39,19,19,Management,555,671959,1487086,2393135,Male
9706,Person_706,31,1,1,Creative,792,1539069,1539069,989148,Female
9707,Person_707,46,3,3,Creative,991,1769136,1774152,712027,Male
9708,Person_708,54,2,2,Creative,533,1751808,1751808,1037945,Female
9709,Person_709,22,39,25,Analytical,302,551521,551521,994323,Male
9710,Person_710,27,14,14,Management,189,1062402,1062402,1241284,Male
9711,Person_711,29,40,11,Analytical,963,1301534,1301534,963885,Male
9712,Person_712,36,30,30,Management,582,999190,999190,1469450,Male
9713,Person_713,36,5,5,Management,604,869869,1304434,1187640,Male
9714,Person_714,44,10,10,Management,195,2060527,2060527,1852067,Female
9715,Person_715,36,23,23,Creative,895,1838536,1838536,2308208,Female
9716,Person_716,51,5,5,Analytical,331,1069459,1069459,2299386,Female
9717,Person_717,53,35,8,Analytical,447,755353,1785667,1961273,Male
9718,Person_718,53,21,21,Management,706,1513404,1909386,1186779,Male
9719,Person_719,37,35,13,Creative,645,779068,795573,1789927,Female
9720,Person_720,30,28,20,Creative,740,1417525,1417525,2323829,Female
9721,Person_721,42,10,10,Creative,815,2051054,2464339,908936,Male
9722,Person_722,54,12,11,Creative,917,1008834,2383544,1748583,Male
9723,Person_723,35,11,10,Technical,257,1283179,2108288,1407539,Female
9724,Person_724,44,15,6,Analytical,789,545827,1165576,2163484,Male
9725,Person_725,44,2,2,Management,749,1611582,1971297,1194567,Female
9726,Person_726,57,2,2,Technical,887,911590,2205431,859911,Male
9727,Person_727,55,25,25,Management,770,806468,2229942,799195,Male
9728,Person_728,27,25,23,Technical,524,1382425,1993728,1666907,Male
9729,Person_729,56,27,27,Technical,171,906263,906263,2411715,Female
9730,Person_730,29,35,32,Management,437,963305,963305,673107,Male
9731,Person_731,37,25,25,Analytical,969,1058038,1058038,1656951,Male
9732,Person_732,37,36,21,Creative,342,830725,830725,2024008,Male
9733,Person_733,33,40,27,Technical,813,708176,1359414,794630,Female
9734,Person_734,44,25,25,Technical,938,595772,595772,524642,Male
9735,Person_735,58,10,10,Technical,858,865894,865894,1767532,Male
9736,Person_736,25,1,1,Technical,449,1217546,2172038,1515114,Female
9737,Person_737,51,0,0,Management,25,609061,1054917,1847026,Female
9738,Person_738,29,0,0,Technical,624,1002362,1841417,1932967,Male
9739,Person_739,44,24,16,Management,759,1167755,1167755,1081463,Male
9740,Person_740,58,23,23,Technical,565,686582,2319025,2284058,Male
9741,Person_741,60,29,10,Analytical,759,1318458,2465597,738326,Male
9742,Person_742,34,15,8,Management,54,923576,1679656,1787840,Male
9743,Person_743,50,4,4,Analytical,171,502532,1667192,2334157,Female
9744,Person_744,26,6,6,Creative,353,1712501,1712501,796296,Male
9745,Person_745,54,11,11,Creative,535,1757053,2467515,629012,Male
9746,Person_746,27,8,8,Technical,543,701502,1012809,1342902,Female
9747,Person_747,39,4,3,Creative,815,725684,1202981,2038171,Male
9748,Person_748,44,11,11,Analytical,449,735321,735321,2375625,Male
9749,Person_749,55,4,4,Technical,441,1407255,1407255,1704297,Male
9750,Person_750,59,17,17,Management,974,2047029,2364030,2313886,Male
9751,Person_751,51,10,10,Technical,811,932995,932995,969458,Female
9752,Person_752,25,23,18,Management,648,1814559,2434879,2072250,Male
9753,Person_753,42,3,3,Technical,595,1549833,1549833,2471912,Male
9754,Person_754,33,32,17,Analytical,41,2482716,2490312,789879,Female
9755,Person_755,57,3,3,Analytical,905,548622,1420607,1836669,Female
9756,Person_756,51,10,10,Technical,247,1902212,1902212,1462396,Male
9757,Person_757,34,19,14,Technical,921,973112,973112,1349450,Female
9758,Person_758,42,7,3,Technical,375,1161302,1402120,2354716,Female
9759,Person_759,41,32,14,Technical,35,1886076,2126185,2344850,Female
9760,Person_760,51,14,14,Analytical,278,2126997,2126997,1372419,Male
9761,Person_761,34,18,18,Analytical,276,1350931,2333647,1428226,Male
9762,Person_762,41,16,16,Technical,207,1484506,2287223,1021304,Female
9763,Person_763,47,13,8,Management,905,1739705,1739705,936702,Female
9764,Person_764,53,13,13,Creative,145,1340011,2287337,1895460,Female
9765,Person_765,50,1,1,Creative,153,556035,1554574,712942,Male
9766,Person_766,53,13,13,Technical,636,550784,1389321,771082,Female
9767,Person_767,29,40,15,Analytical,65,811596,1373787,1900108,Female
9768,Person_768,28,18,2,Management,79,1483630,1564382,2065299,Male
9769,Person_769,25,1,1,Creative,259,702747,1737353,1913010,Male
9770,Person_770,48,2,2,Analytical,793,672212,672212,1960394,Female
9771,Person_771,36,22,22,Technical,257,502794,502794,1658461,Male
9772,Person_772,39,18,18,Technical,278,1752011,2301405,1629918,Female
9773,Person_773,57,34,9,Technical,131,1093664,1093664,2060764,Male
9774,Person_774,59,38,22,Analytical,776,1812992,2191006,766721,Male
9775,Person_775,29,3,3,Management,487,2271394,2271394,1970837,Female
9776,Person_776,34,9,4,Analytical,652,874734,2074777,937329,Female
9777,Person_777,37,25,6,Technical,253,2360307,2409267,1886241,Male
9778,Person_778,29,26,26,Creative,11,535266,535266,1956026,Female
9779,Person_779,23,26,2,Technical,96,1226512,1536461,1600695,Male
9780,Person_780,50,14,8,Management,344,1045120,1045120,1522182,Female
9781,Person_781,49,9,9,Creative,11,2040708,2088460,2493276,Male
9782,Person_782,59,14,14,Creative,499,1059831,1059831,1960813,Female
9783,Person_783,32,11,11,Analytical,977,1626701,1626701,1682044,Female
9784,Person_784,37,36,12,Creative,811,1314037,2486426,1412060,Male
9785,Person_785,53,36,10,Analytical,705,1293858,2229424,1443917,Female
9786,Person_786,45,33,33,Technical,164,989064,989064,2113837,Male
9787,Person_787,34,4,4,Analytical,812,1884204,1884204,1295755,Male
9788,Person_788,34,9,9,Management,394,565629,565629,1280067,Male
9789,Person_789,23,5,4,Creative,970,944801,944801,721649,Female
9790,Person_790,23,11,11,Technical,92,2119122,2119122,1894982,Female
9791,Person_791,26,18,11,Technical,952,2031204,2031204,2048797,Female
9792,Person_792,27,26,26,Management,781,733351,1813916,2210895,Male
9793,Person_793,44,3,3,Analytical,229,953087,2332424,1847666,Male
9794,Person_794,41,26,26,Management,527,2241441,2443863,1032560,Female
9795,Person_795,33,26,26,Analytical,526,704130,704130,917956,Female
9796,Person_796,39,16,16,Analytical,896,1311423,1926639,1036814,Male
9797,Person_797,37,36,29,Analytical,602,1247912,1827702,1579909,Female
9798,Person_798,35,8,5,Creative,908,646605,1991530,2392012,Male
9799,Person_799,43,14,10,Technical,634,1900287,2187958,1895519,Male
9800,Person_800,38,36,26,Technical,356,1725218,1725218,1551030,Female
9801,Person_801,31,38,16,Management,755,1264918,1403049,1001828,Male
9802,Person_802,52,29,2,Management,643,838684,2058770,1217890,Female
9803,Person_803,26,39,32,Creative,192,1019735,1436818,1803617,Female
9804,Person_804,26,30,30,Analytical,654,1898056,1898056,2317529,Male
9805,Person_805,35,7,7,Technical,18,974324,1539642,943304,Male
9806,Person_806,23,20,8,Creative,374,867651,867651,2000392,Male
9807,Person_807,49,25,0,Analytical,917,826752,826752,1405312,Male
9808,Person_808,22,20,20,Management,496,549538,549538,1150533,Female
9809,Person_809,49,20,19,Management,802,2064961,2072629,1879711,Male
9810,Person_810,51,13,13,Creative,936,535944,2181902,2154572,Female
9811,Person_811,37,2,2,Creative,760,2034948,2475279,2312849,Male
9812,Person_812,34,3,3,Technical,332,1035534,2433225,2115102,Female
9813,Person_813,30,0,0,Creative,130,2190687,2411971,2366288,Male
9814,Person_814,55,12,12,Management,668,868739,868739,2005191,Female
9815,Person_815,29,33,33,Technical,350,956295,1316699,1900075,Male
9816,Person_816,42,14,5,Creative,437,1793793,1793793,1375838,Female
9817,Person_817,52,27,27,Technical,449,1441588,1441588,2094054,Male
9818,Person_818,25,2,2,Management,864,1096237,1910630,1910934,Male
9819,Person_819,46,8,8,Creative,996,513444,513444,1231072,Female
9820,Person_820,26,0,0,Management,737,2042328,2065859,1461994,Male
9821,Person_821,39,40,1,Technical,825,885732,2119804,843064,Female
9822,Person_822,40,35,0,Creative,44,1208060,1208060,2198346,Female
9823,Person_823,44,21,21,Management,276,896844,1850404,711110,Male
9824,Person_824,41,38,22,Management,158,504116,1516284,588293,Female
9825,Person_825,36,7,7,Technical,491,1807039,2455487,2101155,Male
9826,Person_826,52,2,2,Management,821,1007302,1007302,2317709,Male
9827,Person_827,24,13,13,Management,529,1061656,1061656,536272,Male
9828,Person_828,43,29,2,Creative,125,865611,865611,773669,Female
9829,Person_829,32,23,23,Analytical,541,1764788,1764788,1649459,Male
9830,Person_830,50,20,19,Technical,389,565737,565737,1658521,Male
9831,Person_831,54,4,4,Analytical,321,1983229,1983229,719155,Female
9832,Person_832,49,20,19,Creative,923,1053877,1053877,1071455,Male
9833,Person_833,49,24,4,Technical,722,1522381,2247573,2035921,Female
9834,Person_834,38,14,14,Management,60,1027213,1219724,1325621,Female
9835,Person_835,56,22,3,Technical,217,2201316,2201316,1636417,Female
9836,Person_836,36,33,18,Management,651,1580212,1580212,1192111,Female
9837,Person_837,42,39,12,Creative,937,1811000,1811000,2036519,Male
9838,Person_838,30,18,18,Analytical,298,576278,576278,1375456,Male
9839,Person_839,52,23,23,Creative,359,620648,2055736,698359,Female
9840,Person_840,26,37,25,Management,562,1088103,1642253,1061701,Female
9841,Person_841,35,4,4,Management,276,2023172,2023172,1298879,Female
9842,Person_842,59,14,14,Management,529,1208935,1208935,1732723,Female
9843,Person_843,30,0,0,Creative,951,1368705,2258064,1669262,Male
9844,Person_844,49,17,0,Creative,171,1430714,2032743,1062715,Male
9845,Person_845,53,17,17,Management,440,760125,760125,1703016,Male
9846,Person_846,47,30,14,Creative,223,1507578,2294257,1900272,Female
9847,Person_847,55,30,14,Technical,669,563970,2020377,2049457,Male
9848,Person_848,43,6,6,Management,623,1180026,1730368,1037268,Female
9849,Person_849,33,21,3,Technical,613,1353000,1353000,2186401,Female
9850,Person_850,27,27,10,Analytical,401,1649866,1649866,1857080,Male
9851,Person_851,23,33,30,Technical,588,1098015,1969792,1688345,Male
9852,Person_852,37,36,36,Technical,1000,1022811,1022811,1172790,Female
9853,Person_853,53,9,9,Analytical,775,1209709,2204218,2341805,Female
9854,Person_854,46,1,1,Creative,562,1168314,1534034,1343510,Male
9855,Person_855,32,16,16,Technical,309,1205926,1380439,1903986,Female
9856,Person_856,36,0,0,Technical,97,925828,2201991,1569923,Female
9857,Person_857,29,20,20,Creative,170,1478405,1887324,2119986,Female
9858,Person_858,39,34,27,Management,545,1666244,2142524,2491109,Male
9859,Person_859,39,30,30,Creative,610,567606,567606,2318413,Male
9860,Person_860,52,8,8,Analytical,223,999219,999219,2023125,Female
9861,Person_861,56,27,26,Analytical,508,512472,512472,1957618,Female
9862,Person_862,54,33,16,Management,37,1129594,1129594,2214626,Male
9863,Person_863,23,40,21,Management,878,718050,1736481,2498620,Female
9864,Person_864,38,9,9,Technical,677,739130,739130,899540,Female
9865,Person_865,60,23,5,Management,645,811675,1348689,2210170,Female
9866,Person_866,60,1,1,Technical,789,1092665,1092665,2242199,Female
9867,Person_867,31,21,14,Management,764,1108093,2356826,1941868,Female
9868,Person_868,30,8,8,Management,647,1695480,1695480,2301686,Male
9869,Person_869,23,9,7,Creative,82,506624,506624,2035055,Male
9870,Person_870,34,31,31,Creative,878,648557,1532843,1480153,Male
9871,Person_871,31,8,8,Analytical,204,1020661,1020661,831567,Male
9872,Person_872,26,10,10,Management,973,1050634,1653824,1625551,Female
9873,Person_873,35,15,15,Technical,87,1082251,1082251,1903733,Male
9874,Person_874,55,34,29,Management,607,1136948,2256341,859690,Female
9875,Person_875,24,21,21,Technical,150,1330615,1330615,2115704,Male
9876,Person_876,35,16,16,Analytical,454,876392,876392,685262,Female
9877,Person_877,33,32,28,Management,694,2189731,2189731,2448053,Female
9878,Person_878,31,21,21,Analytical,694,878101,878101,1915545,Female
9879,Person_879,60,3,3,Management,184,679826,2289258,1533321,Female
9880,Person_880,35,9,1,Creative,122,745548,745548,2216427,Female
9881,Person_881,42,0,0,Management,512,845031,845031,1940504,Male
9882,Person_882,47,13,13,Analytical,828,676326,1685946,1290215,Female
9883,Person_883,58,3,3,Management,171,566634,1506053,1098364,Female
9884,Person_884,31,25,12,Management,659,2244132,2244132,1847198,Male
9885,Person_885,55,7,7,Management,445,2261399,2400768,1010317,Female
9886,Person_886,45,19,19,Creative,898,937853,1897054,819306,Female
9887,Person_887,43,14,6,Management,453,1307834,1307834,1823943,Male
9888,Person_888,35,12,1,Management,449,1376652,1821252,2125268,Male
9889,Person_889,59,40,15,Technical,997,1592267,2332965,589381,Female
9890,Person_890,50,40,24,Analytical,574,901891,1606295,881779,Female
9891,Person_891,22,30,14,Analytical,332,1773120,1773120,902763,Male
9892,Person_892,30,34,18,Technical,886,737914,1590761,525622,Female
9893,Person_893,43,13,13,Management,187,571240,571240,1812710,Male
9894,Person_894,31,24,17,Management,92,630431,1057124,890366,Male
9895,Person_895,36,22,22,Creative,811,1079294,1079294,1421288,Female
9896,Person_896,24,17,7,Technical,229,1830243,1830243,1497509,Male
9897,Person_897,29,37,11,Management,480,1347803,1347803,1217780,Female
9898,Person_898,29,36,4,Management,817,643321,2209538,1294673,Female
9899,Person_899,58,16,16,Creative,851,1672904,1672904,541548,Female
9900,Person_900,55,40,36,Creative,791,1884722,1884722,1406908,Male
9901,Person_901,35,30,13,Management,82,1272093,1272093,1808212,Female
9902,Person_902,34,8,8,Technical,258,1705273,1705273,1408543,Female
9903,Person_903,44,2,2,Management,251,845628,845628,2009773,Male
9904,Person_904,27,30,12,Technical,657,715785,2179241,1742767,Male
9905,Person_905,31,11,0,Creative,709,543145,2483004,1262287,Female
9906,Person_906,47,25,25,Management,801,1296897,1413831,1156018,Female
9907,Person_907,51,21,21,Management,163,1647582,1958783,541770,Female
9908,Person_908,41,30,11,Technical,153,875703,875703,2453814,Female
9909,Person_909,28,13,13,Technical,521,1317902,1317902,1223513,Female
9910,Person_910,22,5,5,Technical,852,1664272,2051312,1326615,Male
9911,Person_911,50,2,2,Creative,836,740317,2128540,2418131,Female
9912,Person_912,49,10,10,Technical,499,525014,919627,1595772,Female
9913,Person_913,35,17,17,Management,745,655660,870900,1549162,Male
9914,Person_914,22,31,18,Analytical,882,605061,976126,2094430,Male
9915,Person_915,43,5,5,Analytical,867,1713270,1713270,1558036,Male
9916,Person_916,42,11,11,Technical,897,1199490,2137902,1131616,Female
9917,Person_917,28,6,6,Analytical,113,747214,747214,1317360,Male
9918,Person_918,34,14,8,Analytical,660,972992,972992,1830078,Male
9919,Person_919,29,34,12,Analytical,917,797225,2470729,1404313,Male
9920,Person_920,50,8,7,Analytical,727,716487,864428,2253934,Female
9921,Person_921,32,39,0,Analytical,539,776505,776505,2119155,Male
9922,Person_922,43,13,13,Management,641,1395113,1395113,2223453,Female
9923,Person_923,49,22,11,Analytical,652,1657416,1657416,1383004,Female
9924,Person_924,28,13,5,Management,416,1161693,2227148,1403981,Male
9925,Person_925,60,2,2,Technical,686,1245186,1306017,1913571,Male
9926,Person_926,31,22,4,Management,643,1300134,2116828,2212640,Male
9927,Person_927,25,4,4,Analytical,493,1427325,1427325,509798,Male
9928,Person_928,26,10,1,Management,187,927297,1697681,1430480,Female
9929,Person_929,53,17,17,Management,998,1345977,1345977,2210221,Male
9930,Person_930,23,7,7,Analytical,295,2405146,2456044,1913446,Male
9931,Person_931,59,13,13,Creative,327,746713,2368062,534283,Female
9932,Person_932,52,16,16,Creative,667,503215,503215,2023568,Male
9933,Person_933,38,24,18,Technical,79,715811,1959998,1703254,Female
9934,Person_934,52,24,15,Analytical,159,1190971,1190971,966860,Female
9935,Person_935,40,17,17,Creative,484,1222060,1222060,717197,Male
9936,Person_936,60,37,6,Analytical,996,629585,629585,1127477,Female
9937,Person_937,28,17,17,Analytical,283,945903,945903,2426491,Female
9938,Person_938,27,29,23,Creative,977,1226614,1268670,809040,Female
9939,Person_939,33,14,1,Creative,701,554337,1868106,901231,Female
9940,Person_940,35,7,7,Creative,142,554071,554071,1459094,Female
9941,Person_941,33,16,16,Creative,120,509057,2073481,639066,Male
9942,Person_942,34,19,19,Technical,537,1744427,2412045,2409755,Male
9943,Person_943,41,34,34,Management,167,1321017,1424026,1937261,Female
9944,Person_944,24,13,13,Creative,109,667963,667963,1282869,Female
9945,Person_945,50,8,8,Technical,189,1533647,1533647,526905,Male
9946,Person_946,50,36,16,Technical,956,1719078,2278977,1681994,Male
9947,Person_947,50,25,2,Analytical,814,682638,2383016,2177644,Female
9948,Person_948,55,2,2,Management,919,1302659,2221438,2330205,Male
9949,Person_949,39,38,0,Management,446,1107843,1107843,1299816,Male
9950,Person_950,23,17,17,Analytical,559,626609,626609,2020097,Male
9951,Person_951,25,13,13,Management,667,1532756,1532756,1999923,Female
9952,Person_952,25,18,18,Creative,633,1510140,2230653,1881573,Male
9953,Person_953,46,10,10,Creative,673,1252582,1252582,1608405,Female
9954,Person_954,43,29,28,Technical,932,1328148,1328148,1581569,Male
9955,Person_955,48,39,39,Analytical,726,1892180,2135050,643258,Female
9956,Person_956,24,15,15,Creative,656,844660,844660,1823296,Male
9957,Person_957,30,25,12,Technical,571,1037163,1037163,693454,Female
9958,Person_958,60,30,30,Technical,718,1317732,1317732,993366,Female
9959,Person_959,49,36,36,Technical,799,1613066,1848855,1671463,Female
9960,Person_960,28,17,7,Management,375,552449,552449,2001002,Female
9961,Person_961,43,11,11,Creative,689,786233,786233,1732218,Male
9962,Person_962,45,30,18,Management,696,1735797,1945926,1832002,Male
9963,Person_963,24,15,15,Technical,764,1403985,1863525,1404264,Female
9964,Person_964,38,23,10,Management,275,1378891,1990550,1468043,Male
9965,Person_965,30,5,5,Management,809,1155483,1155483,592448,Male
9966,Person_966,29,13,7,Creative,122,1301930,1301930,1479852,Male
9967,Person_967,35,29,28,Analytical,751,1609185,1609185,2307065,Male
9968,Person_968,41,36,36,Management,449,1679979,1679979,2279874,Female
9969,Person_969,30,15,15,Creative,357,504165,2283031,1540819,Male
9970,Person_970,44,38,3,Analytical,973,1089018,2490740,2123219,Female
9971,Person_971,58,14,5,Management,998,779739,808871,993668,Female
9972,Person_972,54,22,19,Technical,675,2053463,2460501,2400173,Male
9973,Person_973,44,34,20,Management,78,1256580,1256580,1278984,Female
9974,Person_974,47,33,2,Creative,954,1853180,1984005,584002,Female
9975,Person_975,33,34,31,Technical,415,1116635,1160127,1740883,Male
9976,Person_976,41,23,20,Management,829,1055770,1595872,2390474,Female
9977,Person_977,30,15,1,Creative,445,1195197,1195197,2306684,Female
9978,Person_978,34,16,16,Management,312,835369,2482926,1948305,Female
9979,Person_979,44,24,19,Management,310,882308,1241673,1649601,Female
9980,Person_980,36,1,1,Creative,251,767435,1536792,1997805,Male
9981,Person_981,46,3,3,Analytical,411,1138774,1138774,2205426,Male
9982,Person_982,25,1,1,Management,337,2134520,2491299,1398974,Male
9983,Person_983,42,4,0,Analytical,815,706134,706134,2272759,Male
9984,Person_984,36,34,29,Technical,698,688343,688343,1286335,Male
9985,Person_985,52,32,31,Technical,410,1604112,2243413,612443,Male
9986,Person_986,48,22,22,Analytical,181,786429,786429,1978604,Female
9987,Person_987,38,19,13,Creative,800,728956,1965038,1246331,Male
9988,Person_988,56,0,0,Creative,18,566402,566402,2317974,Male
9989,Person_989,46,18,18,Creative,118,696150,696150,1391199,Male
9990,Person_990,52,40,19,Analytical,66,1021296,1021296,2186657,Female
9991,Person_991,26,31,31,Analytical,768,1659449,2179228,2016442,Male
9992,Person_992,31,10,3,Technical,350,1019651,1019651,2458804,Male
9993,Person_993,59,15,5,Technical,90,1964762,1964762,853518,Male
9994,Person_994,46,39,34,Analytical,337,941896,941896,1254974,Female
9995,Person_995,41,27,17,Analytical,38,1752392,1752392,1648543,Female
9996,Person_996,38,27,16,Technical,343,1873901,1901608,1783209,Female
9997,Person_997,33,21,14,Analytical,751,938948,1365083,799634,Male
9998,Person_998,50,19,3,Technical,544,1222039,1559405,2304496,Female
9999,Person_999,46,30,0,Creative,470,2238768,2238768,2326927,Female
10000,Person_1000,25,8,8,Creative,221,2013112,2442575,2275993,Female
