10001,Person_1,24,38,18,Creative,302,517114,1478996,1081209,Male,397787
10002,Person_2,42,4,4,Creative,779,536645,536645,1036466,Male,499821
10003,Person_3,25,2,2,Management,425,2106347,2453518,590677,Female,1862841
10004,Person_4,42,37,10,Management,226,1670166,1670166,1674746,Female,4580
10005,Person_5,57,12,12,Creative,370,1281760,1281760,1917225,Female,635465
10006,Person_6,43,16,10,Analytical,555,1403665,1403665,1765424,Male,361759
10007,Person_7,54,37,17,Management,289,845714,845714,800827,Male,44887
10008,Person_8,59,29,19,Technical,848,1026606,1026606,2138877,Male,1112271
10009,Person_9,49,29,12,Analytical,79,823654,2175420,1439223,Male,736197
10010,Person_10,32,29,23,Analytical,216,1378532,2387678,788909,Female,1598769
10011,Person_11,56,13,13,Technical,875,1151955,1151955,1699216,Female,547261
10012,Person_12,50,4,4,Technical,589,728234,2311125,2068580,Female,242545
10013,Person_13,34,30,30,Analytical,956,1766936,1766936,2115593,Female,348657
10014,Person_14,51,31,7,Analytical,649,1517652,2489486,946689,Female,1542797
10015,Person_15,38,33,26,Management,436,959603,959603,1130037,Female,170434
10016,Person_16,58,0,0,Management,441,1361452,2445319,1568967,Female,876352
10017,Person_17,35,20,20,Analytical,681,509946,1391383,1225132,Male,166251
10018,Person_18,50,36,19,Technical,90,619991,2337976,1418733,Female,919243
10019,Person_19,32,6,6,Creative,217,767002,2148022,2095774,Male,52248
10020,Person_20,35,34,18,Creative,684,1070327,2108196,1689336,Male,418860
10021,Person_21,47,0,0,Management,745,1683321,1683321,842240,Male,841081
10022,Person_22,29,26,15,Management,979,1815484,2168884,2314953,Male,146069
10023,Person_23,29,35,32,Analytical,617,2062963,2062963,2271146,Female,208183
10024,Person_24,43,33,27,Creative,596,877386,877386,1216017,Male,338631
10025,Person_25,59,34,28,Analytical,787,914933,2431774,1354526,Male,1077248
10026,Person_26,27,12,12,Management,299,2011144,2011144,1376442,Male,634702
10027,Person_27,56,5,5,Management,731,1361092,1592788,1465896,Male,126892
10028,Person_28,28,31,3,Analytical,393,825649,825649,1688880,Male,863231
10029,Person_29,27,24,21,Creative,489,502849,502849,640889,Female,138040
10030,Person_30,26,10,9,Management,696,529891,2348460,1502795,Female,845665
10031,Person_31,38,17,17,Management,231,978753,2413436,889345,Male,1524091
10032,Person_32,29,8,8,Analytical,78,1444004,1444004,2131059,Female,687055
10033,Person_33,42,17,17,Management,367,2140830,2200931,836976,Female,1363955
10034,Person_34,40,6,6,Creative,811,1165387,1530326,1713358,Male,183032
10035,Person_35,22,39,28,Analytical,468,533490,823966,1521899,Female,697933
10036,Person_36,47,34,34,Management,693,1102687,1740867,1858107,Female,117240
10037,Person_37,29,20,8,Technical,910,1529489,1789455,1151162,Male,638293
10038,Person_38,24,26,9,Analytical,70,622238,1754803,1070327,Female,684476
10039,Person_39,42,15,12,Management,898,1146249,1146249,982835,Male,163414
10040,Person_40,49,5,5,Technical,297,546046,1407238,2160011,Male,752773
10041,Person_41,50,24,2,Analytical,462,734155,734155,2293731,Female,1559576
10042,Person_42,33,2,2,Analytical,992,1125649,1125649,2005403,Male,879754
10043,Person_43,46,3,3,Technical,259,1170287,1170287,2189388,Male,1019101
10044,Person_44,38,7,6,Management,89,969691,969691,898928,Female,70763
10045,Person_45,58,18,18,Management,578,1241580,1616498,2298670,Female,682172
10046,Person_46,25,32,9,Creative,693,856574,2090095,2076250,Female,13845
10047,Person_47,27,11,11,Management,297,1446742,1950508,615953,Male,1334555
10048,Person_48,49,18,18,Management,275,552827,1325675,2090284,Male,764609
10049,Person_49,45,9,9,Creative,143,1368788,1368788,1936096,Male,567308
10050,Person_50,22,10,0,Technical,931,587276,587276,1649559,Male,1062283
10051,Person_51,31,6,6,Technical,382,977873,977873,2044576,Female,1066703
10052,Person_52,31,24,20,Management,825,622622,622622,1825098,Male,1202476
10053,Person_53,44,32,4,Analytical,584,1760703,1760703,1261169,Female,499534
10054,Person_54,59,14,5,Technical,926,634855,2475066,651975,Male,1823091
10055,Person_55,58,39,31,Management,468,634274,1314179,1794089,Male,479910
10056,Person_56,43,8,8,Analytical,354,1224300,1503182,1805857,Male,302675
10057,Person_57,59,8,8,Analytical,167,801195,801195,2273280,Female,1472085
10058,Person_58,26,32,28,Creative,966,1271803,2204693,640738,Female,1563955
10059,Person_59,24,5,5,Analytical,359,1079710,2113569,1267870,Male,845699
10060,Person_60,36,23,8,Technical,401,601730,1677666,855811,Female,821855
10061,Person_61,26,9,1,Management,233,1400813,1400813,1717234,Male,316421
10062,Person_62,43,10,10,Analytical,766,894393,981591,2160539,Male,1178948
10063,Person_63,37,37,6,Analytical,998,840432,1530824,1395176,Female,135648
10064,Person_64,36,15,13,Analytical,917,537392,537392,780312,Female,242920
10065,Person_65,47,27,27,Creative,22,1411286,1662761,2088481,Male,425720
10066,Person_66,34,1,1,Creative,250,1142355,1142355,1143196,Male,841
10067,Person_67,35,8,4,Analytical,341,1426510,2052092,1943833,Male,108259
10068,Person_68,29,10,8,Analytical,361,1332373,1332373,1274075,Male,58298
10069,Person_69,54,40,3,Technical,808,690826,690826,1136937,Male,446111
10070,Person_70,52,23,23,Creative,898,1113271,1953810,2222450,Female,268640
10071,Person_71,24,30,28,Technical,636,1135963,1135963,1954176,Female,818213
10072,Person_72,40,11,11,Technical,263,542171,542171,1340210,Female,798039
10073,Person_73,33,11,11,Management,608,842935,842935,1431937,Female,589002
10074,Person_74,53,14,3,Management,753,1842226,1842226,1684303,Female,157923
10075,Person_75,44,39,6,Creative,524,909224,1999841,1057435,Female,942406
10076,Person_76,43,0,0,Management,886,1615527,1615527,1859299,Female,243772
10077,Person_77,43,7,7,Technical,779,920802,920802,1593648,Male,672846
10078,Person_78,59,24,13,Analytical,935,1405637,2071263,1118783,Male,952480
10079,Person_79,28,2,2,Management,701,964370,1121537,1359968,Male,238431
10080,Person_80,50,21,21,Creative,994,644741,2250766,2366597,Female,115831
10081,Person_81,32,19,15,Technical,710,1786999,1801526,1248330,Female,553196
10082,Person_82,27,18,13,Analytical,783,1354988,1354988,863247,Male,491741
10083,Person_83,56,30,30,Management,910,2008037,2284537,576842,Female,1707695
10084,Person_84,27,17,10,Management,207,1523960,1523960,1191427,Female,332533
10085,Person_85,48,29,1,Analytical,968,1113512,1113512,531209,Female,582303
10086,Person_86,59,29,29,Creative,367,837407,1734754,1749993,Female,15239
10087,Person_87,24,23,3,Analytical,326,708298,708298,2090466,Male,1382168
10088,Person_88,48,35,25,Technical,292,1617555,1666614,1676758,Female,10144
10089,Person_89,50,6,6,Creative,292,695346,695346,1268841,Female,573495
10090,Person_90,50,2,2,Management,569,551570,551570,1770347,Female,1218777
10091,Person_91,47,30,25,Management,909,778291,1852871,1455324,Male,397547
10092,Person_92,45,32,25,Management,103,2016315,2016315,1611289,Female,405026
10093,Person_93,35,18,18,Analytical,130,1654553,1791407,602103,Male,1189304
10094,Person_94,29,3,3,Analytical,782,2291578,2436373,943300,Male,1493073
10095,Person_95,37,0,0,Management,331,2166204,2166204,2370183,Female,203979
10096,Person_96,28,8,8,Analytical,614,610891,610891,1818118,Male,1207227
10097,Person_97,34,24,24,Analytical,743,1537708,2141144,1280120,Male,861024
10098,Person_98,32,5,1,Analytical,664,834554,834554,668024,Female,166530
10099,Person_99,32,1,1,Analytical,164,1297594,1890827,1329015,Male,561812
10100,Person_100,51,19,0,Technical,611,1857363,2338058,1842319,Female,495739
10101,Person_101,25,9,9,Creative,626,977810,2153720,2424168,Female,270448
10102,Person_102,48,16,9,Management,467,1507188,1507188,1089083,Female,418105
10103,Person_103,41,3,3,Technical,633,1223422,2209852,1896538,Male,313314
10104,Person_104,25,21,21,Analytical,313,601886,601886,1146883,Male,544997
10105,Person_105,60,32,16,Management,222,1266567,2424266,2169807,Male,254459
10106,Person_106,25,8,8,Technical,648,1141869,1807627,895845,Female,911782
10107,Person_107,43,12,12,Management,386,533426,1092312,933600,Female,158712
10108,Person_108,33,10,1,Analytical,525,1347772,1506155,1884111,Female,377956
10109,Person_109,49,37,25,Management,205,1201567,1954511,2214180,Male,259669
10110,Person_110,53,29,29,Management,383,795490,795490,1050757,Female,255267
10111,Person_111,25,9,9,Technical,922,915716,915716,550935,Male,364781
10112,Person_112,31,31,21,Analytical,384,1976218,1976218,1000900,Male,975318
10113,Person_113,51,21,8,Management,321,1400146,1908078,2409791,Female,501713
10114,Person_114,37,15,9,Analytical,936,1353354,2484993,1281858,Male,1203135
10115,Person_115,25,22,22,Analytical,730,1535446,1535446,653975,Male,881471
10116,Person_116,57,6,6,Creative,446,2176033,2377329,1307971,Female,1069358
10117,Person_117,23,8,8,Management,185,1689782,1767033,1325294,Female,441739
10118,Person_118,45,19,12,Creative,863,1163595,1200719,1952088,Male,751369
10119,Person_119,33,32,4,Technical,977,803432,2172362,1151340,Male,1021022
10120,Person_120,25,20,2,Creative,388,1526911,1526911,880807,Male,646104
10121,Person_121,55,12,12,Creative,21,839152,1150289,666559,Male,483730
10122,Person_122,28,11,11,Management,606,952539,1111808,2080974,Female,969166
10123,Person_123,35,8,8,Analytical,553,1198961,1852985,1556223,Male,296762
10124,Person_124,26,36,11,Creative,788,652519,652519,735212,Male,82693
10125,Person_125,28,21,21,Analytical,344,1114451,1114451,785258,Male,329193
10126,Person_126,33,11,5,Analytical,162,1309585,1730988,2454768,Female,723780
10127,Person_127,48,13,13,Management,349,1745607,2239918,1925316,Male,314602
10128,Person_128,57,17,17,Technical,147,1366964,1366964,854916,Female,512048
10129,Person_129,47,26,13,Analytical,649,736307,1347666,1956580,Female,608914
10130,Person_130,42,4,4,Technical,185,859181,859181,627590,Male,231591
10131,Person_131,48,8,0,Creative,582,2125298,2322810,1968415,Female,354395
10132,Person_132,54,37,19,Technical,78,788457,1945591,2180295,Female,234704
10133,Person_133,31,18,18,Analytical,753,964957,964957,1071734,Male,106777
10134,Person_134,32,20,5,Creative,677,1579143,2046776,1787350,Female,259426
10135,Person_135,55,29,29,Creative,807,1452286,2209630,1760578,Female,449052
10136,Person_136,30,0,0,Technical,524,1075168,1223633,1304721,Female,81088
10137,Person_137,48,38,20,Management,648,969844,2135826,649382,Male,1486444
10138,Person_138,34,17,17,Technical,892,526065,1918657,2346974,Male,428317
10139,Person_139,38,35,35,Technical,703,542305,1838040,1900640,Female,62600
10140,Person_140,60,33,18,Management,333,988485,1750124,1193459,Female,556665
10141,Person_141,38,8,8,Creative,733,1792399,2342720,2457124,Female,114404
10142,Person_142,25,29,18,Management,221,700570,719132,729966,Male,10834
10143,Person_143,60,32,9,Technical,758,2191937,2191937,2210460,Male,18523
10144,Person_144,51,10,10,Creative,805,1675142,2276899,1088111,Female,1188788
10145,Person_145,50,5,5,Analytical,527,1113749,1113749,671846,Female,441903
10146,Person_146,27,40,25,Analytical,599,526881,1669029,995636,Female,673393
10147,Person_147,23,13,13,Technical,193,1778965,1778965,842168,Male,936797
10148,Person_148,35,39,36,Creative,650,755504,774411,2149431,Female,1375020
10149,Person_149,37,1,1,Analytical,389,877298,877298,602767,Male,274531
10150,Person_150,48,36,36,Analytical,571,2204515,2238832,2223742,Male,15090
10151,Person_151,45,23,14,Creative,445,1016412,1112905,1546974,Female,434069
10152,Person_152,44,17,16,Technical,482,1519224,1519224,2310551,Male,791327
10153,Person_153,29,4,4,Management,732,752955,1414061,1305362,Female,108699
10154,Person_154,27,9,9,Technical,831,1075664,1938116,1779121,Male,158995
10155,Person_155,33,27,14,Creative,704,1371551,2047530,1436550,Male,610980
10156,Person_156,53,15,15,Management,550,1139632,1139632,1885921,Male,746289
10157,Person_157,24,32,2,Management,133,1566809,1566809,721529,Male,845280
10158,Person_158,39,40,30,Management,22,720459,1703119,1514361,Male,188758
10159,Person_159,35,14,14,Technical,221,984419,1471004,736220,Male,734784
10160,Person_160,24,16,16,Management,921,976493,1116458,2140738,Male,1024280
10161,Person_161,32,23,23,Creative,999,1016043,1016043,1363757,Female,347714
10162,Person_162,55,29,14,Creative,892,804045,1086928,506032,Male,580896
10163,Person_163,25,36,19,Management,941,1671374,1671374,1635760,Female,35614
10164,Person_164,60,38,38,Technical,980,1577430,1601539,2375742,Female,774203
10165,Person_165,49,27,11,Technical,281,1651420,1807447,1106942,Female,700505
10166,Person_166,28,33,21,Analytical,943,601247,1508656,2275105,Female,766449
10167,Person_167,47,32,2,Analytical,96,1552373,1998804,1982375,Female,16429
10168,Person_168,45,13,13,Technical,956,1282660,2454884,1878258,Male,576626
10169,Person_169,59,34,28,Creative,262,941526,941526,1084804,Male,143278
10170,Person_170,47,21,21,Management,717,1610124,2143297,2165570,Male,22273
10171,Person_171,33,30,23,Creative,950,1624556,2109861,1084196,Female,1025665
10172,Person_172,59,7,7,Analytical,364,1342445,1802876,907896,Male,894980
10173,Person_173,53,12,12,Management,664,1310605,1310605,561621,Male,748984
10174,Person_174,59,12,0,Technical,195,1424892,1757763,741085,Female,1016678
10175,Person_175,57,3,3,Analytical,779,1537392,1537392,1378821,Female,158571
10176,Person_176,51,14,7,Creative,462,613574,613574,1711491,Male,1097917
10177,Person_177,48,8,8,Management,919,654406,654406,2434898,Female,1780492
10178,Person_178,29,36,30,Analytical,151,1410563,1410563,612897,Female,797666
10179,Person_179,37,15,15,Analytical,314,1094559,1946867,2465770,Female,518903
10180,Person_180,39,39,39,Analytical,737,609023,2016690,557353,Female,1459337
10181,Person_181,35,13,13,Management,523,806903,806903,1085081,Female,278178
10182,Person_182,47,29,29,Technical,495,929546,1215424,960061,Male,255363
10183,Person_183,43,33,20,Creative,793,693850,693850,1443663,Female,749813
10184,Person_184,24,21,21,Management,289,2175466,2175466,1591634,Male,583832
10185,Person_185,26,17,16,Technical,467,555699,1646905,1104624,Female,542281
10186,Person_186,59,10,2,Creative,666,1315926,1661252,1459809,Male,201443
10187,Person_187,33,3,3,Analytical,105,511845,2163900,819992,Female,1343908
10188,Person_188,50,25,1,Creative,747,655911,655911,1810421,Male,1154510
10189,Person_189,43,2,2,Technical,675,1362432,1849326,1492267,Female,357059
10190,Person_190,30,12,12,Creative,206,1262196,1262196,1912450,Male,650254
10191,Person_191,59,26,26,Technical,236,1065070,1391441,657756,Male,733685
10192,Person_192,60,6,6,Technical,177,1829638,2245933,2246435,Female,502
10193,Person_193,47,36,16,Analytical,121,1299554,1299554,2242778,Female,943224
10194,Person_194,39,23,11,Creative,997,677777,2325058,2186228,Male,138830
10195,Person_195,22,19,11,Management,853,1632620,1632620,1974929,Female,342309
10196,Person_196,28,12,12,Management,492,585773,585773,1846573,Female,1260800
10197,Person_197,46,2,2,Technical,773,1462532,2010259,1034130,Male,976129
10198,Person_198,38,5,5,Analytical,369,1954394,1954394,835942,Female,1118452
10199,Person_199,28,14,14,Creative,941,1504745,2497412,2094045,Male,403367
10200,Person_200,29,30,18,Management,753,2005569,2407024,2154059,Male,252965
10201,Person_201,29,4,4,Creative,958,1489461,1489461,1706537,Male,217076
10202,Person_202,26,2,2,Analytical,376,670613,670613,803603,Male,132990
10203,Person_203,36,27,27,Management,217,625029,625029,2131829,Male,1506800
10204,Person_204,24,17,17,Management,826,1114616,1114616,2330920,Female,1216304
10205,Person_205,49,37,1,Management,689,1670732,1670732,1027458,Male,643274
10206,Person_206,34,4,4,Technical,184,1484836,1484836,1491581,Female,6745
10207,Person_207,36,26,2,Creative,82,1652606,1652606,2107064,Male,454458
10208,Person_208,30,0,0,Management,737,939404,939404,2104079,Male,1164675
10209,Person_209,49,17,1,Analytical,363,1225469,1225469,1101110,Male,124359
10210,Person_210,45,21,21,Analytical,168,1127721,2364233,618881,Male,1745352
10211,Person_211,56,7,7,Analytical,494,745112,745112,980829,Male,235717
10212,Person_212,27,2,2,Management,45,1227598,1227598,2327293,Female,1099695
10213,Person_213,42,20,19,Management,11,1401132,1401132,1372887,Male,28245
10214,Person_214,44,15,5,Management,105,1026261,1026261,1634827,Female,608566
10215,Person_215,51,1,1,Management,108,1903184,2078018,2246831,Female,168813
10216,Person_216,28,34,18,Management,697,1843669,2336040,885945,Male,1450095
10217,Person_217,39,32,2,Analytical,774,1216902,1216902,1972689,Female,755787
10218,Person_218,59,11,9,Management,317,515542,515542,2164663,Male,1649121
10219,Person_219,22,12,0,Creative,984,1644886,1645551,1766833,Female,121282
10220,Person_220,37,32,30,Creative,716,564984,571517,1405161,Male,833644
10221,Person_221,55,25,25,Creative,287,771903,771903,1045100,Male,273197
10222,Person_222,40,23,4,Creative,519,2074400,2324475,1604330,Female,720145
10223,Person_223,22,16,16,Analytical,537,736254,1104083,2478428,Male,1374345
10224,Person_224,44,35,21,Technical,612,1164013,1164013,1297763,Male,133750
10225,Person_225,28,5,5,Analytical,335,1636853,1652076,630983,Male,1021093
10226,Person_226,26,16,11,Creative,415,632509,1818564,1052813,Female,765751
10227,Person_227,45,12,12,Analytical,721,1092594,1092594,1590432,Male,497838
10228,Person_228,58,5,5,Technical,473,2007241,2148712,1980099,Male,168613
10229,Person_229,25,37,30,Management,1000,643199,2071302,2322629,Female,251327
10230,Person_230,25,36,27,Management,264,596331,596331,1537578,Male,941247
10231,Person_231,48,29,29,Analytical,619,1906347,1906347,2135901,Female,229554
10232,Person_232,47,3,3,Analytical,881,682712,682712,870466,Male,187754
10233,Person_233,55,11,11,Management,209,1467887,1467887,894779,Male,573108
10234,Person_234,37,30,0,Analytical,900,1498160,2376669,2135483,Male,241186
10235,Person_235,35,9,9,Analytical,23,1499861,1712719,904480,Male,808239
10236,Person_236,57,21,3,Creative,591,1974831,1974831,596763,Male,1378068
10237,Person_237,30,20,10,Creative,637,650074,650074,1821489,Female,1171415
10238,Person_238,50,8,8,Creative,404,646872,1299964,503675,Female,796289
10239,Person_239,59,2,2,Analytical,38,1792677,1792677,1580806,Male,211871
10240,Person_240,46,36,35,Creative,279,785531,785531,1850400,Female,1064869
10241,Person_241,32,10,10,Analytical,563,914840,2207433,929469,Female,1277964
10242,Person_242,36,12,0,Technical,881,951409,951409,1607926,Female,656517
10243,Person_243,46,2,2,Creative,682,1938556,1938556,793155,Male,1145401
10244,Person_244,60,8,5,Technical,42,514891,514891,1932263,Male,1417372
10245,Person_245,50,30,6,Creative,724,1177607,1177607,1893947,Male,716340
10246,Person_246,47,19,19,Management,986,1628079,1628079,1916274,Female,288195
10247,Person_247,24,29,19,Creative,364,848432,2475949,1722061,Male,753888
10248,Person_248,44,22,0,Technical,150,1644432,2259941,2205049,Female,54892
10249,Person_249,39,30,14,Creative,817,511054,511054,838667,Male,327613
10250,Person_250,23,33,2,Analytical,745,1748309,2251339,1049759,Female,1201580
10251,Person_251,46,39,11,Analytical,818,544027,1354150,1816542,Female,462392
10252,Person_252,30,35,33,Technical,979,1388518,2012732,886787,Male,1125945
10253,Person_253,24,6,6,Analytical,490,1658564,2184052,2303361,Male,119309
10254,Person_254,54,6,6,Technical,533,511681,829573,901607,Male,72034
10255,Person_255,26,17,1,Creative,656,634888,634888,2073255,Male,1438367
10256,Person_256,53,4,3,Technical,466,503568,585123,2478845,Female,1893722
10257,Person_257,31,21,21,Management,253,2054265,2054265,2151473,Female,97208
10258,Person_258,55,19,19,Analytical,580,1777417,1933517,1890430,Female,43087
10259,Person_259,38,9,9,Creative,179,1310739,2143759,2004393,Male,139366
10260,Person_260,60,1,1,Creative,661,1047084,2046575,1874154,Female,172421
10261,Person_261,34,21,13,Analytical,427,1555071,1555071,1755937,Female,200866
10262,Person_262,60,29,29,Technical,749,744759,744759,2111343,Female,1366584
10263,Person_263,22,5,5,Technical,793,691051,691051,1213567,Male,522516
10264,Person_264,55,12,12,Creative,155,1691396,1691396,1159844,Female,531552
10265,Person_265,39,4,2,Technical,518,994064,994064,834692,Female,159372
10266,Person_266,55,37,15,Analytical,674,1298012,2462664,998949,Female,1463715
10267,Person_267,50,6,6,Analytical,676,1428108,1428108,1670525,Male,242417
10268,Person_268,28,8,4,Management,764,1156919,1156919,578482,Male,578437
10269,Person_269,49,28,22,Technical,953,1697016,1708987,2229790,Female,520803
10270,Person_270,35,12,12,Creative,856,1314045,1722199,971573,Female,750626
10271,Person_271,37,10,10,Technical,717,1125427,1878439,2498521,Male,620082
10272,Person_272,24,8,4,Analytical,301,1392580,1392580,1925145,Female,532565
10273,Person_273,29,7,7,Analytical,474,761763,761763,1708523,Male,946760
10274,Person_274,54,24,2,Analytical,662,2099162,2099162,547869,Male,1551293
10275,Person_275,54,36,18,Management,953,907840,907840,880313,Female,27527
10276,Person_276,37,32,21,Technical,292,813720,897759,1680026,Male,782267
10277,Person_277,47,13,13,Technical,971,991865,2206168,1721624,Male,484544
10278,Person_278,27,11,11,Creative,868,1256011,1710866,1198764,Female,512102
10279,Person_279,49,10,10,Technical,995,1243734,1243734,1447704,Female,203970
10280,Person_280,22,33,3,Management,200,662094,662094,2300428,Male,1638334
10281,Person_281,55,5,5,Technical,72,1971789,2328510,2407352,Male,78842
10282,Person_282,30,38,31,Technical,909,909198,2401158,820673,Female,1580485
10283,Person_283,57,18,18,Technical,17,1979262,1979262,548630,Male,1430632
10284,Person_284,40,16,16,Management,254,725876,1003297,1294736,Male,291439
10285,Person_285,48,15,15,Management,118,992496,992496,2371151,Male,1378655
10286,Person_286,34,0,0,Management,369,1663371,2102398,1062606,Female,1039792
10287,Person_287,43,40,39,Technical,817,679151,679151,1145681,Male,466530
10288,Person_288,26,19,16,Creative,176,1399892,1399892,832215,Female,567677
10289,Person_289,24,0,0,Management,292,1395310,1627205,809661,Male,817544
10290,Person_290,33,14,14,Creative,552,1918706,1918706,551556,Female,1367150
10291,Person_291,33,6,6,Analytical,307,833888,1426089,924646,Male,501443
10292,Person_292,29,12,12,Management,909,935871,935871,2020487,Female,1084616
10293,Person_293,60,23,18,Management,523,1240594,1240594,953100,Male,287494
10294,Person_294,55,10,10,Management,567,976987,2155244,688218,Female,1467026
10295,Person_295,44,24,24,Management,518,1098232,1098232,2041104,Female,942872
10296,Person_296,31,21,21,Technical,644,1994326,1994326,2189698,Male,195372
10297,Person_297,24,18,18,Management,269,1058359,2333278,1637654,Female,695624
10298,Person_298,23,21,21,Technical,933,1041360,2214877,1449962,Female,764915
10299,Person_299,23,0,0,Management,154,636184,636184,1176253,Female,540069
10300,Person_300,34,30,30,Management,543,1734645,1734645,1751323,Male,16678
10301,Person_301,35,3,3,Management,291,2421751,2494102,2129195,Female,364907
10302,Person_302,51,2,2,Analytical,171,1860271,1860271,2094797,Female,234526
10303,Person_303,47,4,4,Creative,582,2208144,2208144,2360085,Female,151941
10304,Person_304,44,22,22,Analytical,675,589469,2479140,1171794,Male,1307346
10305,Person_305,46,0,0,Analytical,640,1563126,1563126,1646657,Female,83531
10306,Person_306,34,28,24,Analytical,383,593902,2140984,2306318,Male,165334
10307,Person_307,60,34,34,Management,232,783230,1571614,663467,Male,908147
10308,Person_308,24,20,20,Technical,766,614819,614819,1968254,Female,1353435
10309,Person_309,32,6,6,Management,277,1063889,1063889,2494165,Male,1430276
10310,Person_310,58,34,22,Analytical,915,1264229,1264229,2380366,Male,1116137
10311,Person_311,55,1,1,Management,909,952086,1453607,1932078,Female,478471
10312,Person_312,51,25,1,Management,440,934400,2239345,2105053,Male,134292
10313,Person_313,33,1,1,Management,79,1405297,1638878,1596675,Female,42203
10314,Person_314,26,27,2,Management,165,1006723,1054437,1370710,Male,316273
10315,Person_315,37,1,1,Analytical,470,766747,766747,1549077,Female,782330
10316,Person_316,22,15,15,Technical,421,1110648,2427340,576665,Female,1850675
10317,Person_317,54,12,12,Technical,733,1296967,1296967,1486022,Male,189055
10318,Person_318,31,37,30,Creative,737,1387233,1949874,899290,Male,1050584
10319,Person_319,30,20,20,Management,628,956346,1730894,1942651,Female,211757
10320,Person_320,25,36,13,Creative,882,2040175,2040175,2194836,Female,154661
10321,Person_321,42,11,11,Analytical,931,916823,1294316,729029,Female,565287
10322,Person_322,27,5,5,Management,722,1532500,1532500,728517,Male,803983
10323,Person_323,54,6,0,Technical,252,651888,2126390,1628590,Female,497800
10324,Person_324,53,12,4,Analytical,88,1604997,1604997,1319504,Male,285493
10325,Person_325,43,22,22,Management,739,1130567,1352937,667867,Male,685070
10326,Person_326,59,0,0,Technical,53,1150788,1562263,1815681,Male,253418
10327,Person_327,35,27,0,Technical,416,1355646,1537985,1976366,Male,438381
10328,Person_328,46,11,11,Analytical,166,1546827,1546827,2400116,Male,853289
10329,Person_329,37,35,28,Technical,176,1330785,1330785,2414477,Male,1083692
10330,Person_330,41,12,12,Creative,837,894980,2141127,1895503,Male,245624
10331,Person_331,47,4,4,Creative,204,1437761,2268444,1342445,Male,925999
10332,Person_332,32,36,8,Creative,616,989014,989014,906596,Male,82418
10333,Person_333,44,36,4,Technical,923,2046180,2046180,729767,Male,1316413
10334,Person_334,46,21,21,Analytical,230,1946110,1946110,525641,Male,1420469
10335,Person_335,30,16,16,Management,73,2110907,2314207,707159,Female,1607048
10336,Person_336,45,38,11,Creative,242,920120,920120,1638172,Male,718052
10337,Person_337,45,20,20,Technical,571,1109216,1109216,2493704,Female,1384488
10338,Person_338,45,13,13,Management,582,767070,789086,1832244,Female,1043158
10339,Person_339,36,33,7,Creative,287,1010752,1037833,1699561,Male,661728
10340,Person_340,40,2,2,Technical,364,710735,710735,2067059,Female,1356324
10341,Person_341,56,23,16,Management,206,1529564,2244329,1172846,Male,1071483
10342,Person_342,56,26,11,Analytical,858,847396,1973534,1200170,Male,773364
10343,Person_343,52,39,17,Analytical,408,948250,948250,879459,Female,68791
10344,Person_344,28,36,36,Analytical,751,742029,1176829,2187249,Male,1010420
10345,Person_345,25,10,5,Creative,577,1864303,1864303,1902394,Female,38091
10346,Person_346,52,22,14,Management,665,1213839,2326371,2191430,Male,134941
10347,Person_347,40,15,15,Technical,290,2004945,2004945,2159033,Male,154088
10348,Person_348,36,8,8,Technical,440,664854,664854,1661590,Male,996736
10349,Person_349,29,1,1,Technical,693,1252214,1649894,521980,Male,1127914
10350,Person_350,44,36,19,Management,934,1016936,1016936,2174373,Male,1157437
10351,Person_351,27,0,0,Management,474,1173223,1173223,2124578,Female,951355
10352,Person_352,36,20,20,Creative,775,1947420,1947420,2360718,Male,413298
10353,Person_353,43,4,4,Technical,311,1224659,1224659,1501935,Male,277276
10354,Person_354,32,27,11,Creative,295,873107,1848703,652827,Male,1195876
10355,Person_355,28,10,10,Technical,953,994824,994824,2104870,Female,1110046
10356,Person_356,58,39,37,Analytical,225,1915733,1915733,2178280,Male,262547
10357,Person_357,26,40,13,Technical,891,538741,538741,1724740,Female,1185999
10358,Person_358,50,7,4,Creative,894,701483,1505563,893594,Female,611969
10359,Person_359,30,18,18,Technical,959,1177291,1365933,800614,Male,565319
10360,Person_360,35,36,9,Management,36,716230,1942653,2458793,Male,516140
10361,Person_361,36,38,30,Analytical,549,649489,713174,2075643,Female,1362469
10362,Person_362,28,5,5,Analytical,690,1909247,1915557,1838322,Male,77235
10363,Person_363,58,33,10,Management,283,1547539,1547539,1817613,Male,270074
10364,Person_364,48,30,26,Management,982,1670360,1997201,1485250,Female,511951
10365,Person_365,35,12,12,Management,73,1061962,1061962,508181,Female,553781
10366,Person_366,42,9,9,Analytical,235,1413983,1725391,720618,Male,1004773
10367,Person_367,45,26,26,Management,127,2172798,2354807,2228234,Male,126573
10368,Person_368,53,2,2,Creative,530,1356022,1356022,2444373,Male,1088351
10369,Person_369,56,26,23,Management,972,2037043,2037043,2360412,Male,323369
10370,Person_370,23,30,14,Creative,584,748673,748673,973132,Female,224459
10371,Person_371,57,24,24,Technical,124,1271611,2039620,1819156,Female,220464
10372,Person_372,43,29,8,Analytical,301,1063233,1063233,685442,Male,377791
10373,Person_373,41,39,28,Analytical,473,809992,809992,609145,Female,200847
10374,Person_374,52,12,12,Analytical,873,1477759,1862041,1965878,Female,103837
10375,Person_375,48,37,11,Analytical,713,1326245,2305882,1307164,Male,998718
10376,Person_376,40,38,26,Technical,590,1981888,2337616,908102,Female,1429514
10377,Person_377,23,5,5,Analytical,343,762690,762690,1729088,Female,966398
10378,Person_378,34,21,20,Creative,651,665908,1978450,2246019,Male,267569
10379,Person_379,41,14,7,Creative,343,1740436,1994181,1171928,Female,822253
10380,Person_380,35,38,15,Technical,427,859076,2109107,1010484,Male,1098623
10381,Person_381,54,20,20,Creative,332,1152143,1152143,1080242,Male,71901
10382,Person_382,24,2,2,Management,87,1750544,1750544,1957141,Female,206597
10383,Person_383,59,18,18,Creative,915,1109333,1109333,1353561,Female,244228
10384,Person_384,53,21,5,Creative,805,708569,708569,1276573,Female,568004
10385,Person_385,36,3,3,Analytical,581,1258968,2189347,1328200,Male,861147
10386,Person_386,46,10,10,Management,800,594929,2444029,894287,Male,1549742
10387,Person_387,46,11,11,Technical,437,663055,663055,2475356,Female,1812301
10388,Person_388,43,31,14,Analytical,124,928759,928759,1949820,Female,1021061
10389,Person_389,22,38,6,Management,444,677586,677586,932122,Male,254536
10390,Person_390,56,9,9,Management,279,2088772,2221451,856559,Male,1364892
10391,Person_391,45,20,15,Creative,505,1509116,1612728,2155268,Female,542540
10392,Person_392,54,11,11,Creative,589,826402,826402,1138117,Female,311715
10393,Person_393,23,23,23,Technical,262,1421425,2309593,708862,Female,1600731
10394,Person_394,54,2,2,Analytical,368,1502978,1502978,589491,Male,913487
10395,Person_395,41,40,8,Technical,563,811720,811720,963463,Male,151743
10396,Person_396,49,24,24,Technical,491,1030423,2438481,1335562,Male,1102919
10397,Person_397,24,29,29,Creative,828,1683106,2104697,801453,Female,1303244
10398,Person_398,52,25,1,Analytical,731,1606148,1606148,2466182,Male,860034
10399,Person_399,56,28,28,Analytical,763,921925,2442225,2292699,Female,149526
10400,Person_400,41,4,2,Technical,83,2427043,2427043,1364573,Female,1062470
10401,Person_401,23,18,18,Creative,24,945502,945502,2027427,Female,1081925
10402,Person_402,38,25,15,Analytical,132,963104,1149628,1655422,Female,505794
10403,Person_403,55,37,31,Analytical,762,552922,552922,2108413,Male,1555491
10404,Person_404,44,14,14,Analytical,564,638165,1130326,921597,Female,208729
10405,Person_405,26,1,1,Technical,518,1620609,2287876,947471,Female,1340405
10406,Person_406,37,16,5,Technical,148,510299,510299,1367521,Male,857222
10407,Person_407,51,1,1,Technical,399,812420,1000102,1809305,Female,809203
10408,Person_408,35,32,12,Creative,48,1630637,1630637,1840269,Female,209632
10409,Person_409,22,9,9,Analytical,65,1529528,1529528,523190,Male,1006338
10410,Person_410,28,37,29,Analytical,89,713491,2051217,1197046,Male,854171
10411,Person_411,40,12,10,Management,368,1405694,2263761,1640638,Female,623123
10412,Person_412,54,23,23,Technical,988,849972,849972,1470376,Female,620404
10413,Person_413,57,28,2,Analytical,556,767844,767844,2217280,Female,1449436
10414,Person_414,47,22,17,Creative,897,1586136,1586136,1228857,Female,357279
10415,Person_415,38,36,19,Management,939,1012195,1012195,1462409,Female,450214
10416,Person_416,47,0,0,Management,504,579029,2248843,2468987,Male,220144
10417,Person_417,43,32,32,Management,765,1451279,1451279,543184,Female,908095
10418,Person_418,22,15,12,Management,390,1513770,1975568,1477326,Female,498242
10419,Person_419,55,20,20,Analytical,506,653398,1724756,1129973,Male,594783
10420,Person_420,37,13,13,Technical,578,2137837,2375816,1689699,Male,686117
10421,Person_421,36,33,20,Creative,840,1660965,1982874,1540083,Female,442791
10422,Person_422,56,22,21,Technical,400,1049613,1241815,2220288,Male,978473
10423,Person_423,45,0,0,Creative,431,1502291,2164400,575075,Female,1589325
10424,Person_424,50,7,7,Creative,115,750182,750182,2150867,Male,1400685
10425,Person_425,53,34,30,Management,745,1556469,2119846,936025,Female,1183821
10426,Person_426,40,18,18,Creative,680,874941,874941,1822892,Female,947951
10427,Person_427,59,18,18,Creative,660,1336374,1982316,1635521,Male,346795
10428,Person_428,52,37,26,Technical,670,1232510,2171623,2122938,Female,48685
10429,Person_429,56,32,12,Technical,318,582124,1437430,1180358,Male,257072
10430,Person_430,23,34,20,Technical,388,883759,1007224,533113,Male,474111
10431,Person_431,26,4,4,Creative,307,547254,1653522,832685,Female,820837
10432,Person_432,58,8,8,Technical,836,722093,722093,1318923,Female,596830
10433,Person_433,39,11,11,Creative,406,595546,1517789,993800,Male,523989
10434,Person_434,26,20,20,Technical,40,1896228,2301695,2323135,Male,21440
10435,Person_435,27,36,36,Management,931,914469,1262567,2339340,Female,1076773
10436,Person_436,24,28,0,Creative,436,613228,613228,1947588,Female,1334360
10437,Person_437,37,32,22,Management,545,777732,777732,2055656,Female,1277924
10438,Person_438,43,30,20,Creative,466,1379930,1379930,2137733,Male,757803
10439,Person_439,28,11,11,Management,386,1602372,1602372,2240033,Male,637661
10440,Person_440,34,27,18,Creative,602,1200007,2156631,1448584,Female,708047
10441,Person_441,45,0,0,Analytical,612,1622936,1858311,1338326,Male,519985
10442,Person_442,48,23,2,Technical,794,933884,2163891,569125,Male,1594766
10443,Person_443,48,3,3,Technical,122,1636371,2066129,1935033,Female,131096
10444,Person_444,40,3,3,Analytical,626,2141996,2141996,2344719,Male,202723
10445,Person_445,31,11,11,Management,135,1328812,1328812,2442741,Female,1113929
10446,Person_446,55,20,8,Technical,917,1994006,2226392,656653,Female,1569739
10447,Person_447,26,34,17,Analytical,537,617988,785815,1961440,Male,1175625
10448,Person_448,36,37,22,Creative,62,684820,1292317,590274,Female,702043
10449,Person_449,42,20,0,Creative,469,1626560,1626560,2052031,Female,425471
10450,Person_450,23,26,5,Management,602,961791,2090957,1146824,Female,944133
10451,Person_451,29,33,13,Management,138,821417,821417,1060650,Female,239233
10452,Person_452,34,36,9,Technical,201,659289,816247,1687182,Female,870935
10453,Person_453,31,31,9,Analytical,642,919271,1063652,1968168,Male,904516
10454,Person_454,51,24,24,Creative,477,1589732,1589732,2430173,Female,840441
10455,Person_455,45,10,4,Creative,41,860477,1590853,2312601,Male,721748
10456,Person_456,48,9,9,Analytical,894,500494,1518093,2117712,Female,599619
10457,Person_457,29,23,23,Creative,517,674441,674441,2045276,Female,1370835
10458,Person_458,36,29,22,Technical,332,1006878,2278073,825815,Male,1452258
10459,Person_459,30,32,24,Technical,250,2087479,2087479,1935005,Female,152474
10460,Person_460,49,5,5,Technical,400,937213,1244760,2158058,Female,913298
10461,Person_461,47,10,10,Technical,962,1236331,1236331,1309385,Female,73054
10462,Person_462,39,25,25,Analytical,916,902086,902086,748765,Male,153321
10463,Person_463,55,39,9,Technical,599,536012,2485661,1057242,Female,1428419
10464,Person_464,37,28,28,Creative,150,1554246,2178819,1425491,Male,753328
10465,Person_465,55,32,21,Technical,615,1009054,1009054,891624,Male,117430
10466,Person_466,56,34,34,Analytical,716,1685408,1685408,1579136,Female,106272
10467,Person_467,34,29,25,Management,602,1451825,1451825,2447216,Male,995391
10468,Person_468,43,35,34,Technical,481,1177379,1177379,2393045,Female,1215666
10469,Person_469,44,32,0,Creative,918,786130,786130,1338934,Male,552804
10470,Person_470,36,38,33,Technical,827,1141336,1141336,1838112,Male,696776
10471,Person_471,34,37,8,Analytical,275,1228703,1688336,575509,Female,1112827
10472,Person_472,26,8,8,Creative,255,1477070,1477070,622655,Male,854415
10473,Person_473,32,38,10,Creative,874,914996,914996,1532779,Female,617783
10474,Person_474,37,17,14,Technical,105,1607051,1911327,1457995,Female,453332
10475,Person_475,23,34,25,Analytical,82,691300,691300,1567489,Male,876189
10476,Person_476,37,20,14,Creative,383,829500,1951392,1316406,Female,634986
10477,Person_477,45,14,14,Management,300,527920,527920,1849905,Male,1321985
10478,Person_478,48,12,6,Analytical,104,917311,1234474,503283,Female,731191
10479,Person_479,39,8,8,Analytical,901,1269814,2428639,1654373,Male,774266
10480,Person_480,43,11,9,Management,618,1406720,1406720,1747329,Male,340609
10481,Person_481,52,16,9,Technical,652,1246904,1467723,2236941,Male,769218
10482,Person_482,25,29,14,Technical,860,1224278,2049748,2100003,Male,50255
10483,Person_483,32,13,4,Management,16,1553070,2228076,2250746,Male,22670
10484,Person_484,33,16,16,Management,187,966837,1523081,2482736,Male,959655
10485,Person_485,37,9,3,Creative,283,608998,1337190,1774217,Male,437027
10486,Person_486,37,18,18,Technical,843,1399533,1419906,2382021,Female,962115
10487,Person_487,31,5,5,Creative,151,649127,649127,2465874,Female,1816747
10488,Person_488,27,40,13,Analytical,792,936609,1668270,2225091,Female,556821
10489,Person_489,58,16,16,Management,550,1301829,1808357,1606247,Male,202110
10490,Person_490,47,39,24,Creative,223,1905558,1905558,2382425,Female,476867
10491,Person_491,26,30,28,Management,369,1265080,1407531,1741385,Male,333854
10492,Person_492,53,32,31,Management,101,989590,989590,1012744,Male,23154
10493,Person_493,26,30,30,Creative,200,1584960,1584960,2163376,Male,578416
10494,Person_494,29,1,1,Creative,907,748944,1990092,517125,Female,1472967
10495,Person_495,29,4,4,Analytical,61,942505,942505,1122756,Male,180251
10496,Person_496,23,22,8,Technical,372,768520,768520,639550,Female,128970
10497,Person_497,30,5,5,Analytical,761,1634921,2306678,756213,Female,1550465
10498,Person_498,40,36,16,Analytical,655,1467511,1467511,2357744,Male,890233
10499,Person_499,34,31,19,Management,366,688211,688211,2223321,Female,1535110
10500,Person_500,40,22,22,Analytical,496,695609,1867711,1216593,Female,651118
10501,Person_501,43,32,31,Management,834,2269148,2269148,2435045,Male,165897
10502,Person_502,58,0,0,Creative,792,949169,1709629,865610,Female,844019
10503,Person_503,53,14,0,Management,597,1117278,1117278,808625,Male,308653
10504,Person_504,55,18,18,Creative,475,2146999,2436687,2439753,Female,3066
10505,Person_505,39,16,16,Management,346,1210979,1210979,2137071,Female,926092
10506,Person_506,53,40,5,Creative,112,764398,764398,1907724,Male,1143326
10507,Person_507,37,14,2,Management,251,1755137,1755137,2346019,Male,590882
10508,Person_508,60,34,16,Management,63,935298,2133351,939673,Male,1193678
10509,Person_509,50,4,4,Creative,146,1742329,1841326,513044,Female,1328282
10510,Person_510,45,2,2,Technical,473,929257,1675896,1649026,Male,26870
10511,Person_511,25,7,7,Management,290,2115569,2154176,1220470,Male,933706
10512,Person_512,42,27,10,Technical,439,1610909,1610909,987379,Male,623530
10513,Person_513,27,23,23,Analytical,704,562532,891134,2234313,Female,1343179
10514,Person_514,38,28,28,Creative,423,567071,898718,2092892,Male,1194174
10515,Person_515,48,14,14,Technical,727,1887750,1887750,1251571,Female,636179
10516,Person_516,24,35,35,Creative,396,1735358,1735358,1112491,Male,622867
10517,Person_517,24,37,2,Creative,435,1171522,2371628,1573536,Male,798092
10518,Person_518,49,28,7,Technical,387,1025634,1025634,859002,Female,166632
10519,Person_519,36,11,11,Technical,812,650507,650507,1056694,Male,406187
10520,Person_520,45,18,0,Analytical,959,1255978,1255978,2301140,Male,1045162
10521,Person_521,54,15,15,Creative,185,1026616,1026616,765479,Female,261137
10522,Person_522,31,28,28,Technical,628,877272,877272,1674976,Female,797704
10523,Person_523,28,24,24,Creative,873,821131,821131,857167,Female,36036
10524,Person_524,45,7,7,Management,833,779156,779156,1422964,Male,643808
10525,Person_525,33,28,1,Technical,929,2116843,2116843,1932046,Female,184797
10526,Person_526,54,36,27,Technical,522,728125,728125,910388,Female,182263
10527,Person_527,40,10,10,Technical,716,1513762,1513762,1544089,Male,30327
10528,Person_528,39,34,34,Technical,953,795618,880201,526286,Male,353915
10529,Person_529,23,36,34,Technical,928,786254,786254,1684103,Female,897849
10530,Person_530,35,11,0,Technical,238,905287,2104566,878922,Female,1225644
10531,Person_531,52,26,12,Analytical,477,554734,652466,1128512,Female,476046
10532,Person_532,36,8,8,Management,174,1002674,1515916,875885,Female,640031
10533,Person_533,22,40,29,Technical,100,1406516,2382684,917374,Male,1465310
10534,Person_534,37,15,3,Creative,677,1344577,1806462,2482930,Female,676468
10535,Person_535,45,24,13,Management,743,532048,2478066,1756157,Male,721909
10536,Person_536,59,33,24,Creative,491,719619,2135418,1507909,Male,627509
10537,Person_537,23,11,11,Creative,799,1899694,1899694,1699273,Male,200421
10538,Person_538,46,2,2,Analytical,428,1235283,1235283,2319534,Male,1084251
10539,Person_539,26,6,6,Analytical,183,647227,647227,1776972,Male,1129745
10540,Person_540,49,17,17,Creative,638,1557713,2368993,1526599,Male,842394
10541,Person_541,25,37,19,Creative,374,1267873,2365128,1269357,Male,1095771
10542,Person_542,28,34,27,Technical,249,821521,1831107,671420,Female,1159687
10543,Person_543,46,28,1,Creative,22,1354566,1354566,2153570,Male,799004
10544,Person_544,44,32,7,Technical,223,557228,557228,694092,Male,136864
10545,Person_545,53,38,3,Analytical,590,1230284,1379818,1613052,Male,233234
10546,Person_546,50,30,9,Technical,489,1798679,2310459,2310792,Male,333
10547,Person_547,60,34,19,Technical,808,1337307,1337307,1572069,Female,234762
10548,Person_548,59,25,25,Management,670,655711,655711,1641949,Female,986238
10549,Person_549,54,1,1,Technical,691,681519,681519,515941,Male,165578
10550,Person_550,59,8,8,Creative,754,1912681,2180258,1415044,Male,765214
10551,Person_551,58,30,25,Management,866,959226,1091419,704257,Male,387162
10552,Person_552,38,38,36,Creative,455,2430146,2430146,1518172,Female,911974
10553,Person_553,30,8,7,Analytical,351,698700,698700,1347484,Male,648784
10554,Person_554,47,21,0,Technical,245,2084609,2217779,1461847,Female,755932
10555,Person_555,56,16,16,Technical,808,2098262,2190471,1302184,Female,888287
10556,Person_556,53,12,2,Management,447,924796,924796,697109,Male,227687
10557,Person_557,47,37,18,Analytical,176,1646536,2063086,2166234,Female,103148
10558,Person_558,29,34,3,Technical,804,1354590,1978829,1148675,Male,830154
10559,Person_559,31,9,9,Creative,399,2148382,2246755,1141676,Male,1105079
10560,Person_560,33,40,34,Management,363,689583,689583,784328,Male,94745
10561,Person_561,57,31,19,Management,332,1708247,1708247,1342685,Male,365562
10562,Person_562,49,7,5,Management,964,1600665,1600665,1005747,Male,594918
10563,Person_563,51,36,24,Technical,870,872002,1849451,2324913,Female,475462
10564,Person_564,46,22,7,Analytical,838,831395,903799,1179835,Female,276036
10565,Person_565,22,17,17,Technical,117,1331500,1331500,684642,Male,646858
10566,Person_566,58,16,16,Creative,631,1078092,1078092,1274702,Female,196610
10567,Person_567,33,31,8,Management,43,538300,538300,1805006,Male,1266706
10568,Person_568,24,15,15,Technical,13,1026381,1026381,2005454,Female,979073
10569,Person_569,33,5,5,Analytical,176,1209103,1209103,1923226,Male,714123
10570,Person_570,55,1,1,Creative,348,1243463,1566773,1302544,Female,264229
10571,Person_571,34,5,5,Creative,767,1859443,1878237,2369573,Female,491336
10572,Person_572,45,40,23,Creative,798,2013370,2013370,1041017,Male,972353
10573,Person_573,38,10,10,Creative,815,1012837,1012837,1001190,Female,11647
10574,Person_574,25,19,2,Management,220,2163541,2163541,559812,Female,1603729
10575,Person_575,41,37,25,Management,67,1124673,1977579,789722,Female,1187857
10576,Person_576,34,34,9,Management,157,1232606,2362134,1553013,Female,809121
10577,Person_577,42,34,33,Analytical,522,767036,1163061,1192741,Male,29680
10578,Person_578,43,39,23,Analytical,898,859392,2490320,1006344,Male,1483976
10579,Person_579,32,32,14,Analytical,533,684415,684415,984455,Female,300040
10580,Person_580,59,20,7,Analytical,715,1388318,1388318,1284191,Female,104127
10581,Person_581,46,30,30,Technical,766,2017096,2017096,1587422,Male,429674
10582,Person_582,37,2,2,Management,937,603699,603699,1192540,Male,588841
10583,Person_583,47,32,32,Technical,249,1203675,1819583,2022678,Female,203095
10584,Person_584,35,6,2,Analytical,923,785815,2239395,1742340,Female,497055
10585,Person_585,51,31,30,Analytical,783,532953,1479186,1446809,Male,32377
10586,Person_586,22,19,12,Technical,195,891789,891789,1480062,Male,588273
10587,Person_587,45,26,23,Analytical,568,815427,1762703,850271,Female,912432
10588,Person_588,35,27,0,Management,176,1630567,1630567,1936990,Male,306423
10589,Person_589,55,13,13,Management,616,679302,679302,1350150,Female,670848
10590,Person_590,25,11,4,Creative,540,547375,547375,1771266,Male,1223891
10591,Person_591,34,21,21,Management,507,722116,722116,2140385,Male,1418269
10592,Person_592,48,36,21,Management,868,582487,582487,1104277,Female,521790
10593,Person_593,56,34,2,Creative,70,956326,956326,995618,Male,39292
10594,Person_594,56,10,10,Technical,599,1554628,2428264,2227807,Male,200457
10595,Person_595,57,10,10,Management,84,585368,1333680,1646973,Female,313293
10596,Person_596,26,37,19,Technical,840,509277,509277,799558,Male,290281
10597,Person_597,24,20,20,Management,47,863721,863721,1916592,Male,1052871
10598,Person_598,54,7,7,Analytical,193,1118747,1118747,1226855,Male,108108
10599,Person_599,40,1,1,Creative,183,866557,866557,2147872,Female,1281315
10600,Person_600,54,35,31,Analytical,771,1262598,1846102,1663894,Male,182208
10601,Person_601,39,36,31,Analytical,337,1020319,1020319,1915840,Female,895521
10602,Person_602,42,25,25,Creative,148,1876476,2423053,1163410,Male,1259643
10603,Person_603,48,37,30,Creative,210,1913004,1933358,831245,Female,1102113
10604,Person_604,41,9,9,Technical,721,693657,693657,620227,Male,73430
10605,Person_605,41,7,1,Creative,984,703357,742897,1621763,Female,878866
10606,Person_606,28,12,12,Management,674,549327,549327,1921127,Female,1371800
10607,Person_607,32,32,2,Analytical,433,509421,2017135,2363758,Female,346623
10608,Person_608,35,19,19,Creative,440,954232,954232,1818042,Female,863810
10609,Person_609,55,9,9,Management,914,1366148,1366148,2248542,Female,882394
10610,Person_610,38,37,30,Technical,395,1194618,1194618,1541676,Male,347058
10611,Person_611,54,34,33,Creative,750,1144501,2435821,865717,Male,1570104
10612,Person_612,29,39,10,Analytical,683,1125223,1588225,2244341,Male,656116
10613,Person_613,58,20,13,Technical,590,799399,799399,1323983,Male,524584
10614,Person_614,33,34,8,Analytical,94,605577,605577,1483721,Female,878144
10615,Person_615,23,6,4,Management,329,2037576,2037576,2144119,Female,106543
10616,Person_616,38,30,30,Management,502,733515,1603022,1805645,Female,202623
10617,Person_617,47,16,13,Technical,668,964865,964865,937135,Female,27730
10618,Person_618,25,36,36,Management,556,1204321,1204321,1387985,Male,183664
10619,Person_619,32,37,33,Technical,293,654759,1896305,861180,Male,1035125
10620,Person_620,47,8,8,Management,475,1504479,1812348,1663922,Female,148426
10621,Person_621,54,15,9,Creative,222,965472,1681836,1306703,Female,375133
10622,Person_622,31,14,12,Management,201,671333,1943709,1105638,Female,838071
10623,Person_623,29,4,4,Management,716,1319549,1319549,1763926,Male,444377
10624,Person_624,29,18,18,Analytical,90,1951648,1951648,1972763,Female,21115
10625,Person_625,31,28,24,Technical,27,542310,1405344,782340,Female,623004
10626,Person_626,55,33,14,Technical,934,1753800,1753800,1234408,Male,519392
10627,Person_627,40,29,14,Management,195,1552284,1552284,2169662,Male,617378
10628,Person_628,48,7,7,Management,1000,2232416,2400235,1291954,Female,1108281
10629,Person_629,53,16,16,Technical,744,1214572,1829585,837881,Male,991704
10630,Person_630,46,3,3,Creative,845,1089054,1770526,2195455,Female,424929
10631,Person_631,50,24,24,Technical,551,1369962,2285733,671585,Male,1614148
10632,Person_632,27,38,16,Management,591,862372,862372,1444955,Male,582583
10633,Person_633,54,6,6,Creative,126,1289654,1289654,2048969,Male,759315
10634,Person_634,57,37,25,Technical,571,1130974,1130974,950243,Female,180731
10635,Person_635,52,25,13,Management,416,623886,623886,1867062,Male,1243176
10636,Person_636,51,30,16,Management,376,524174,2202583,630846,Female,1571737
10637,Person_637,23,13,13,Analytical,58,1336897,2268864,527032,Male,1741832
10638,Person_638,55,33,33,Creative,805,1645675,2209380,2053165,Male,156215
10639,Person_639,31,23,23,Management,926,1697222,1697222,2010987,Male,313765
10640,Person_640,40,29,24,Analytical,515,1274271,1396500,1909842,Female,513342
10641,Person_641,57,21,21,Creative,461,2016673,2208311,1210625,Male,997686
10642,Person_642,25,20,20,Technical,732,1452227,1657690,2055733,Female,398043
10643,Person_643,52,10,6,Management,140,1149945,1355471,1959011,Female,603540
10644,Person_644,51,6,6,Technical,630,874574,874574,1610129,Female,735555
10645,Person_645,29,14,2,Creative,449,1048741,1143333,787442,Female,355891
10646,Person_646,38,40,18,Analytical,879,1717771,2379698,1289550,Female,1090148
10647,Person_647,54,9,9,Creative,86,1739099,2085795,886715,Male,1199080
10648,Person_648,36,2,2,Creative,28,1320992,2045019,1273067,Male,771952
10649,Person_649,36,10,8,Technical,91,557902,557902,2109574,Male,1551672
10650,Person_650,42,32,18,Management,554,647793,647793,2314727,Male,1666934
10651,Person_651,40,18,5,Management,139,1683859,1683859,2350258,Male,666399
10652,Person_652,25,16,16,Management,56,1024956,1024956,1148157,Male,123201
10653,Person_653,22,13,13,Analytical,693,950452,950452,1176958,Female,226506
10654,Person_654,57,22,7,Analytical,352,584844,1390364,1858400,Female,468036
10655,Person_655,57,24,9,Technical,982,1480559,1480559,1246579,Male,233980
10656,Person_656,46,23,23,Analytical,828,659467,659467,1747848,Female,1088381
10657,Person_657,40,30,0,Creative,526,1225446,2432982,1815365,Male,617617
10658,Person_658,24,39,29,Analytical,716,1151630,1151630,1113454,Male,38176
10659,Person_659,50,5,5,Technical,71,1042962,1042962,2314310,Female,1271348
10660,Person_660,29,25,25,Technical,827,831668,831668,2378805,Female,1547137
10661,Person_661,30,21,21,Management,584,1449823,1449823,558019,Female,891804
10662,Person_662,40,7,7,Technical,461,509641,509641,1951135,Male,1441494
10663,Person_663,57,35,10,Analytical,607,2008105,2008105,2037807,Female,29702
10664,Person_664,60,4,4,Management,89,995950,995950,2350722,Male,1354772
10665,Person_665,59,10,10,Technical,372,1194968,1929680,1143605,Male,786075
10666,Person_666,32,30,9,Management,117,1305661,1305661,1965360,Male,659699
10667,Person_667,58,33,3,Creative,502,2202053,2202053,1968281,Female,233772
10668,Person_668,22,23,23,Creative,927,1933952,1933952,1280762,Female,653190
10669,Person_669,22,22,0,Creative,347,578832,578832,2461737,Male,1882905
10670,Person_670,60,34,24,Creative,655,1439367,1510286,1382457,Female,127829
10671,Person_671,34,20,20,Management,333,825115,1076424,607956,Female,468468
10672,Person_672,33,29,0,Creative,230,996190,996190,1033359,Female,37169
10673,Person_673,48,34,10,Analytical,527,818383,1852933,1580284,Female,272649
10674,Person_674,59,39,26,Technical,574,1358923,1358923,1818197,Female,459274
10675,Person_675,41,39,29,Creative,116,1779998,1779998,1352637,Male,427361
10676,Person_676,28,13,13,Technical,118,1368281,2274689,1293926,Female,980763
10677,Person_677,56,30,30,Analytical,920,1627471,1718296,612925,Female,1105371
10678,Person_678,24,32,15,Analytical,837,814541,1290086,1810454,Female,520368
10679,Person_679,39,38,6,Analytical,919,900866,2101556,1079171,Male,1022385
10680,Person_680,38,5,5,Technical,890,619715,619715,2268928,Female,1649213
10681,Person_681,55,6,6,Analytical,797,2029574,2366872,1105740,Male,1261132
10682,Person_682,42,28,10,Creative,507,1673853,1673853,550317,Male,1123536
10683,Person_683,26,8,8,Analytical,603,811956,811956,1306659,Female,494703
10684,Person_684,59,18,18,Technical,687,2142550,2371797,645838,Male,1725959
10685,Person_685,48,36,8,Management,750,1429791,1434414,1098705,Female,335709
10686,Person_686,56,7,7,Management,426,1724234,1724234,2192569,Female,468335
10687,Person_687,31,19,19,Analytical,36,1636352,1636352,1349758,Female,286594
10688,Person_688,53,9,9,Creative,201,1260874,2099147,2399555,Male,300408
10689,Person_689,41,9,9,Management,907,1778200,1778200,1994382,Male,216182
10690,Person_690,52,3,3,Management,395,2047089,2047089,1939716,Male,107373
10691,Person_691,30,19,19,Technical,413,1833737,1833737,840890,Female,992847
10692,Person_692,37,38,1,Technical,760,1144636,1144636,2148742,Male,1004106
10693,Person_693,59,21,2,Management,718,600007,600007,2200157,Female,1600150
10694,Person_694,41,10,10,Analytical,116,1311965,2323335,2009366,Female,313969
10695,Person_695,39,0,0,Creative,30,2434720,2440098,962944,Female,1477154
10696,Person_696,33,12,12,Creative,340,1435032,1435032,2327646,Male,892614
10697,Person_697,32,34,22,Creative,692,912521,1066302,802450,Female,263852
10698,Person_698,31,17,17,Management,400,923107,923107,819323,Female,103784
10699,Person_699,37,7,7,Analytical,589,1070326,2031511,1672368,Female,359143
10700,Person_700,23,38,1,Analytical,235,1176074,1702186,983643,Male,718543
10701,Person_701,24,5,5,Management,984,1874396,2398341,1657766,Female,740575
10702,Person_702,26,8,8,Technical,258,775672,775672,1802618,Male,1026946
10703,Person_703,45,2,2,Management,828,1562276,2222449,2146468,Female,75981
10704,Person_704,45,19,12,Creative,743,1636065,1636065,1738885,Male,102820
10705,Person_705,27,30,22,Creative,1000,1339860,1518981,2313553,Female,794572
10706,Person_706,34,17,17,Analytical,32,1056463,2473513,1542990,Female,930523
10707,Person_707,34,11,10,Technical,18,1365584,1609443,2390635,Female,781192
10708,Person_708,53,10,10,Technical,194,787501,1718449,1389597,Male,328852
10709,Person_709,57,10,10,Management,311,575839,575839,1649313,Female,1073474
10710,Person_710,23,10,10,Technical,308,984269,1878686,2127375,Male,248689
10711,Person_711,42,22,17,Analytical,717,1771662,1771662,950309,Male,821353
10712,Person_712,47,17,17,Analytical,278,1931425,2113226,1611178,Female,502048
10713,Person_713,30,30,3,Creative,128,782782,782782,1641672,Female,858890
10714,Person_714,43,17,17,Management,264,2116851,2233413,937272,Female,1296141
10715,Person_715,57,3,3,Management,621,2068750,2190801,1268980,Male,921821
10716,Person_716,57,7,7,Creative,358,737040,737040,2128003,Male,1390963
10717,Person_717,25,17,13,Creative,74,1154718,1154718,2420838,Male,1266120
10718,Person_718,43,1,1,Creative,792,1642607,1642607,1647974,Male,5367
10719,Person_719,28,8,8,Creative,825,1438717,1438717,662952,Female,775765
10720,Person_720,45,15,15,Management,67,643498,1620852,1584035,Female,36817
10721,Person_721,54,20,5,Analytical,568,514707,1720672,1215911,Male,504761
10722,Person_722,25,1,1,Technical,289,1544519,1544519,889706,Male,654813
10723,Person_723,32,7,7,Technical,393,760505,1718759,874721,Male,844038
10724,Person_724,34,39,6,Analytical,730,511978,511978,2489658,Male,1977680
10725,Person_725,33,26,26,Creative,722,1139215,1139215,2128188,Male,988973
10726,Person_726,57,9,9,Management,857,521544,1132835,2378699,Female,1245864
10727,Person_727,27,26,3,Analytical,230,638998,638998,1441073,Female,802075
10728,Person_728,43,34,34,Management,689,1671543,2411880,915018,Female,1496862
10729,Person_729,29,10,8,Analytical,337,1481769,1481769,503463,Male,978306
10730,Person_730,24,3,3,Creative,68,872423,872423,1063197,Female,190774
10731,Person_731,38,15,12,Creative,103,1014610,1014610,1434133,Male,419523
10732,Person_732,44,26,1,Analytical,405,824964,2436720,2221632,Female,215088
10733,Person_733,24,18,3,Management,31,887908,887908,1098045,Male,210137
10734,Person_734,50,37,2,Technical,240,1694615,1917950,1808187,Male,109763
10735,Person_735,42,20,15,Management,706,1522712,2312572,1919053,Female,393519
10736,Person_736,42,39,39,Creative,49,1394567,1394567,2090651,Female,696084
10737,Person_737,27,29,1,Analytical,442,812114,812114,665765,Male,146349
10738,Person_738,53,36,14,Technical,730,1491149,1491149,1601995,Female,110846
10739,Person_739,26,1,1,Analytical,919,2075594,2373616,877060,Male,1496556
10740,Person_740,47,20,20,Analytical,146,1185300,1185300,1289758,Female,104458
10741,Person_741,24,23,9,Creative,922,1034598,1034598,2195192,Male,1160594
10742,Person_742,24,0,0,Analytical,507,660029,2225399,1621462,Male,603937
10743,Person_743,30,20,19,Analytical,517,1010215,1010215,2412331,Male,1402116
10744,Person_744,51,29,14,Analytical,828,733452,733452,1519303,Female,785851
10745,Person_745,27,7,7,Management,998,996416,996416,1037948,Female,41532
10746,Person_746,23,5,5,Technical,50,1225871,2041304,1679702,Female,361602
10747,Person_747,59,7,7,Creative,287,1258216,1879498,536060,Female,1343438
10748,Person_748,44,23,17,Technical,248,2109469,2109469,1827619,Male,281850
10749,Person_749,29,30,17,Analytical,354,624935,624935,2040973,Male,1416038
10750,Person_750,41,22,22,Analytical,383,1597776,1597776,1882384,Male,284608
10751,Person_751,43,34,34,Technical,751,990511,1810887,2013418,Female,202531
10752,Person_752,33,15,15,Technical,878,1293630,1293630,1626158,Male,332528
10753,Person_753,59,40,3,Analytical,205,2161152,2263193,649688,Female,1613505
10754,Person_754,31,19,19,Technical,358,679150,679150,1386088,Female,706938
10755,Person_755,37,9,9,Analytical,460,689586,762109,1416597,Male,654488
10756,Person_756,60,2,2,Management,741,1653033,2074291,1841586,Female,232705
10757,Person_757,40,4,4,Creative,936,649078,649078,592500,Female,56578
10758,Person_758,26,32,22,Management,775,2006231,2443100,1074678,Female,1368422
10759,Person_759,31,3,3,Creative,886,960849,960849,831976,Female,128873
10760,Person_760,31,28,15,Creative,947,1981285,2373983,1602509,Female,771474
10761,Person_761,47,40,37,Management,345,977827,2433465,1485795,Female,947670
10762,Person_762,47,1,1,Management,299,693801,693801,1931899,Male,1238098
10763,Person_763,40,20,5,Creative,785,600837,603085,2357358,Male,1754273
10764,Person_764,52,16,16,Technical,623,1376251,1882906,830502,Female,1052404
10765,Person_765,48,14,9,Analytical,362,1210522,1567060,686579,Female,880481
10766,Person_766,49,18,11,Technical,470,1550505,2125485,1312960,Female,812525
10767,Person_767,50,17,17,Analytical,859,2000505,2403969,1490029,Male,913940
10768,Person_768,26,11,11,Analytical,780,598522,598522,2004047,Male,1405525
10769,Person_769,41,9,9,Analytical,112,1072676,1072676,806003,Female,266673
10770,Person_770,32,31,23,Analytical,324,663090,2345824,2235215,Female,110609
10771,Person_771,50,33,11,Technical,673,1477928,1477928,1738933,Female,261005
10772,Person_772,32,7,7,Management,496,1055935,1152365,618236,Male,534129
10773,Person_773,47,32,15,Management,158,892909,892909,1113544,Male,220635
10774,Person_774,32,17,17,Analytical,888,1199107,1199107,1477720,Male,278613
10775,Person_775,49,30,30,Creative,237,863290,863290,1998792,Male,1135502
10776,Person_776,49,5,5,Creative,579,1449510,2487484,1722162,Male,765322
10777,Person_777,41,32,6,Technical,123,553291,2086907,909046,Male,1177861
10778,Person_778,46,7,7,Creative,568,529816,1621766,621977,Female,999789
10779,Person_779,28,35,0,Analytical,641,1646685,1882629,2465968,Male,583339
10780,Person_780,55,13,3,Management,831,1481844,1481844,1145408,Male,336436
10781,Person_781,38,15,2,Creative,937,2292983,2292983,1755288,Female,537695
10782,Person_782,37,8,8,Analytical,880,1850015,2483802,1042513,Male,1441289
10783,Person_783,40,39,33,Technical,327,988383,988383,774364,Male,214019
10784,Person_784,32,24,24,Management,712,513326,513326,2073728,Male,1560402
10785,Person_785,33,11,11,Management,711,731634,1731069,958405,Male,772664
10786,Person_786,55,20,20,Analytical,217,780056,780056,2003038,Male,1222982
10787,Person_787,42,0,0,Analytical,729,1388774,1388774,853078,Female,535696
10788,Person_788,36,20,20,Analytical,592,930469,2168895,506638,Female,1662257
10789,Person_789,50,27,14,Management,354,699111,699111,2479198,Female,1780087
10790,Person_790,28,31,2,Creative,659,1247652,1247652,1073091,Female,174561
10791,Person_791,38,17,17,Technical,634,570934,1958220,1157976,Female,800244
10792,Person_792,26,13,12,Management,174,1359360,1359360,1622860,Female,263500
10793,Person_793,52,27,23,Management,272,1026825,1026825,956728,Female,70097
10794,Person_794,26,33,1,Technical,963,883897,2392539,769435,Male,1623104
10795,Person_795,48,31,25,Management,111,745240,745240,2338483,Female,1593243
10796,Person_796,41,9,9,Management,649,1252141,1252141,2477549,Female,1225408
10797,Person_797,26,25,25,Analytical,400,776452,776452,1502023,Male,725571
10798,Person_798,58,37,37,Management,170,657086,975729,1798686,Male,822957
10799,Person_799,31,9,6,Management,265,658413,1882229,1247471,Female,634758
10800,Person_800,55,28,28,Management,507,917455,917455,1354929,Female,437474
10801,Person_801,25,23,13,Analytical,525,1074982,1074982,983043,Male,91939
10802,Person_802,40,23,17,Analytical,145,2234920,2406121,1856380,Female,549741
10803,Person_803,42,3,2,Technical,57,649359,649359,1757160,Male,1107801
10804,Person_804,41,21,21,Technical,931,2166739,2314082,2421327,Female,107245
10805,Person_805,25,30,23,Analytical,960,1160861,1160861,1978044,Female,817183
10806,Person_806,25,36,1,Analytical,747,1727968,1727968,579781,Female,1148187
10807,Person_807,26,9,9,Analytical,288,766441,1981265,2111455,Male,130190
10808,Person_808,43,25,25,Creative,172,1042928,2429140,1660640,Female,768500
10809,Person_809,42,6,6,Technical,141,1669148,2218564,747146,Female,1471418
10810,Person_810,25,29,18,Analytical,478,1032266,1276577,1893316,Female,616739
10811,Person_811,60,33,32,Technical,100,1875169,1875169,1382895,Female,492274
10812,Person_812,49,20,16,Technical,201,1703261,1703261,730932,Male,972329
10813,Person_813,48,13,13,Technical,517,1845673,2241690,1732072,Female,509618
10814,Person_814,53,4,4,Management,948,651815,2437019,939111,Male,1497908
10815,Person_815,34,37,36,Management,196,1104741,1104741,793755,Female,310986
10816,Person_816,54,22,9,Technical,708,620094,620094,2461849,Female,1841755
10817,Person_817,49,28,28,Management,866,1432702,1432702,626620,Female,806082
10818,Person_818,51,1,1,Management,831,2078857,2143312,2092580,Female,50732
10819,Person_819,24,19,19,Creative,687,822772,1671699,609953,Male,1061746
10820,Person_820,40,4,4,Creative,807,719963,719963,1766836,Female,1046873
10821,Person_821,33,7,7,Technical,318,1332879,2451581,2406772,Male,44809
10822,Person_822,30,40,38,Management,756,610815,2057258,509264,Female,1547994
10823,Person_823,29,22,19,Analytical,233,2025219,2174934,1792917,Male,382017
10824,Person_824,55,16,16,Management,744,1522911,1522911,1751675,Male,228764
10825,Person_825,52,8,8,Technical,956,1294111,1943056,1035044,Male,908012
10826,Person_826,24,18,18,Technical,212,1325581,1362251,1548886,Male,186635
10827,Person_827,39,17,17,Technical,874,742665,2383298,532952,Female,1850346
10828,Person_828,53,12,11,Technical,566,1755024,2245334,596024,Female,1649310
10829,Person_829,39,14,10,Creative,915,1503449,2233075,1337545,Male,895530
10830,Person_830,29,12,10,Management,21,1584711,1845454,1084324,Male,761130
10831,Person_831,51,34,28,Technical,446,679421,679421,1114173,Female,434752
10832,Person_832,56,15,5,Creative,24,534050,534050,633819,Male,99769
10833,Person_833,37,14,13,Technical,671,1231320,2094105,2060364,Male,33741
10834,Person_834,28,39,6,Creative,22,1028588,1432083,2008153,Male,576070
10835,Person_835,27,18,18,Technical,771,584575,584575,1397318,Female,812743
10836,Person_836,52,31,23,Analytical,934,1460906,1460906,1687232,Female,226326
10837,Person_837,56,39,14,Analytical,615,684427,684427,1627934,Female,943507
10838,Person_838,60,5,5,Technical,192,937399,1639383,1318367,Male,321016
10839,Person_839,27,3,3,Analytical,197,914120,1860800,1166746,Male,694054
10840,Person_840,25,30,2,Management,506,826508,932962,2101814,Male,1168852
10841,Person_841,38,12,12,Technical,455,1074409,1979789,819151,Female,1160638
10842,Person_842,38,39,39,Management,738,1265237,1285382,1893394,Female,608012
10843,Person_843,47,11,11,Creative,734,1702174,2396920,737512,Female,1659408
10844,Person_844,31,37,3,Management,847,769198,769198,2019740,Male,1250542
10845,Person_845,22,15,15,Management,235,604012,2496714,1561217,Female,935497
10846,Person_846,59,15,15,Creative,997,1660104,1660104,1920227,Female,260123
10847,Person_847,36,17,17,Analytical,221,1394605,1394605,802805,Female,591800
10848,Person_848,59,0,0,Analytical,736,1454006,1454006,2080216,Female,626210
10849,Person_849,42,18,1,Management,378,1027953,2291887,1308342,Female,983545
10850,Person_850,40,33,10,Management,614,1074157,1339250,2099140,Male,759890
10851,Person_851,43,35,6,Technical,70,539499,1063110,1057356,Female,5754
10852,Person_852,25,13,8,Creative,393,535292,635839,2309109,Female,1673270
10853,Person_853,32,29,14,Analytical,99,1237620,1869872,1268071,Female,601801
10854,Person_854,42,2,0,Management,503,620524,620524,765782,Male,145258
10855,Person_855,45,1,1,Management,242,712447,712447,1670526,Female,958079
10856,Person_856,22,26,24,Management,314,534000,1850695,2028495,Female,177800
10857,Person_857,46,22,22,Technical,623,1231356,1231356,2114180,Male,882824
10858,Person_858,56,29,29,Creative,528,1546881,2342921,2263899,Male,79022
10859,Person_859,25,20,5,Creative,739,1019413,2383006,2079086,Female,303920
10860,Person_860,33,1,1,Analytical,586,1992753,1992753,2090683,Male,97930
10861,Person_861,45,40,26,Technical,628,532076,826715,1747161,Female,920446
10862,Person_862,56,4,4,Analytical,145,1910253,2066619,2292021,Male,225402
10863,Person_863,37,13,13,Technical,212,2300265,2460190,2229339,Female,230851
10864,Person_864,31,21,21,Creative,937,650748,2367865,896920,Male,1470945
10865,Person_865,37,27,10,Creative,611,1537261,1537261,1230884,Male,306377
10866,Person_866,51,20,1,Management,143,691436,691436,1919844,Male,1228408
10867,Person_867,39,14,14,Creative,393,1322026,1322026,651995,Male,670031
10868,Person_868,54,33,32,Technical,381,1629297,1629297,2412050,Male,782753
10869,Person_869,32,12,8,Creative,493,1651752,1864038,2018367,Male,154329
10870,Person_870,32,0,0,Management,462,1128283,1128283,1207052,Female,78769
10871,Person_871,46,10,7,Management,302,887602,887602,1492736,Female,605134
10872,Person_872,33,20,20,Management,615,665860,665860,1995038,Male,1329178
10873,Person_873,36,9,9,Creative,817,1247398,1247398,1507435,Female,260037
10874,Person_874,52,40,33,Analytical,830,1630430,2351810,1585508,Female,766302
10875,Person_875,50,0,0,Creative,813,1367517,1766966,1274198,Female,492768
10876,Person_876,50,25,24,Creative,251,960224,1248281,1534039,Male,285758
10877,Person_877,23,9,9,Creative,151,863876,863876,2051696,Male,1187820
10878,Person_878,27,14,14,Analytical,289,538178,538178,1779936,Female,1241758
10879,Person_879,42,5,5,Technical,851,1956045,2485133,1580853,Male,904280
10880,Person_880,57,20,6,Technical,71,1269679,2193166,1810839,Female,382327
10881,Person_881,42,40,6,Analytical,208,1821287,1821287,1540150,Female,281137
10882,Person_882,52,31,31,Analytical,59,503358,503358,2367506,Male,1864148
10883,Person_883,52,1,1,Technical,444,1378799,1833044,1442539,Male,390505
10884,Person_884,43,16,16,Technical,515,2161564,2161564,1169019,Female,992545
10885,Person_885,42,24,13,Analytical,144,1505450,1759708,1967163,Female,207455
10886,Person_886,25,3,3,Analytical,882,1402490,1402490,1390053,Male,12437
10887,Person_887,49,24,19,Technical,690,1128638,1128638,1242956,Female,114318
10888,Person_888,43,0,0,Analytical,809,1602241,1997441,1994286,Male,3155
10889,Person_889,23,40,9,Management,189,1630411,1630411,617574,Female,1012837
10890,Person_890,43,31,31,Technical,160,1341786,1341786,1945882,Female,604096
10891,Person_891,29,12,12,Management,281,1939622,1939622,759615,Female,1180007
10892,Person_892,35,23,23,Management,889,1136885,1136885,628295,Male,508590
10893,Person_893,38,26,13,Creative,361,875940,875940,1826624,Male,950684
10894,Person_894,44,25,25,Technical,825,1066244,1066244,839186,Male,227058
10895,Person_895,58,19,19,Creative,145,662766,882022,2193254,Male,1311232
10896,Person_896,56,25,15,Technical,237,1812618,1812618,639411,Male,1173207
10897,Person_897,41,17,4,Creative,284,1119939,1850312,558732,Female,1291580
10898,Person_898,36,24,7,Management,289,815126,815126,2426522,Male,1611396
10899,Person_899,51,36,16,Technical,259,568688,568688,1705877,Female,1137189
10900,Person_900,39,29,23,Management,290,1033836,1481113,1860695,Male,379582
10901,Person_901,51,17,7,Management,451,1098860,1098860,1557608,Male,458748
10902,Person_902,54,9,9,Analytical,557,597116,597116,1114416,Male,517300
10903,Person_903,48,16,2,Analytical,127,1381809,1381809,986104,Female,395705
10904,Person_904,36,30,19,Technical,890,1170541,1170541,987795,Male,182746
10905,Person_905,41,9,9,Creative,323,983528,1055234,2254829,Female,1199595
10906,Person_906,32,4,4,Analytical,797,831626,831626,899159,Male,67533
10907,Person_907,48,33,33,Technical,924,796696,2213390,1737995,Male,475395
10908,Person_908,56,10,10,Analytical,71,572033,572033,1582785,Female,1010752
10909,Person_909,25,7,7,Analytical,291,939958,939958,2171301,Female,1231343
10910,Person_910,23,23,7,Analytical,353,2025242,2025242,1878110,Female,147132
10911,Person_911,39,10,10,Management,619,1642531,1642531,652519,Female,990012
10912,Person_912,35,0,0,Technical,492,1765033,2493272,1965856,Male,527416
10913,Person_913,43,20,12,Management,287,705862,705862,1755147,Male,1049285
10914,Person_914,25,33,24,Management,91,851984,851984,1907386,Male,1055402
10915,Person_915,26,30,14,Creative,189,566794,866946,1590094,Male,723148
10916,Person_916,48,16,16,Management,786,820781,820781,1836688,Male,1015907
10917,Person_917,43,32,0,Analytical,637,1025918,1025918,1344520,Male,318602
10918,Person_918,30,19,13,Creative,473,627605,627605,989375,Female,361770
10919,Person_919,23,32,7,Management,303,917249,917249,2460503,Male,1543254
10920,Person_920,41,21,8,Creative,938,1269713,2060280,1278443,Male,781837
10921,Person_921,59,14,13,Creative,210,1839827,2032309,1846241,Female,186068
10922,Person_922,42,15,15,Technical,481,1674052,2209857,1245922,Male,963935
10923,Person_923,46,28,24,Technical,235,1248553,1551770,1684853,Male,133083
10924,Person_924,26,23,21,Creative,741,1595995,1595995,2324365,Male,728370
10925,Person_925,54,4,4,Management,503,1479340,1977890,1834194,Female,143696
10926,Person_926,47,13,11,Creative,115,1498466,1812879,1792124,Female,20755
10927,Person_927,38,22,5,Creative,106,734180,734180,2219195,Female,1485015
10928,Person_928,57,6,6,Analytical,346,1988216,2063324,2232058,Female,168734
10929,Person_929,27,36,10,Creative,243,892066,1726037,783795,Female,942242
10930,Person_930,53,2,2,Creative,329,1172851,1237793,1059117,Male,178676
10931,Person_931,32,25,25,Management,819,968337,968337,1267667,Male,299330
10932,Person_932,40,27,9,Management,96,1135445,1135445,1155598,Female,20153
10933,Person_933,34,6,6,Management,333,1929983,1929983,2095937,Female,165954
10934,Person_934,40,3,3,Creative,810,1451133,2042088,2389886,Female,347798
10935,Person_935,35,22,18,Technical,943,618382,1964528,2049419,Female,84891
10936,Person_936,25,4,4,Analytical,599,558457,558457,797654,Female,239197
10937,Person_937,35,8,8,Management,77,616646,616646,1447544,Male,830898
10938,Person_938,35,25,2,Analytical,411,1588238,1588238,864449,Female,723789
10939,Person_939,27,1,1,Creative,845,703696,703696,1122263,Female,418567
10940,Person_940,35,9,9,Technical,774,913918,1978711,1509960,Female,468751
10941,Person_941,34,6,6,Management,754,624886,624886,1218302,Male,593416
10942,Person_942,44,29,8,Analytical,615,1434275,2499341,1650231,Female,849110
10943,Person_943,27,31,14,Creative,532,667535,1859994,2359571,Female,499577
10944,Person_944,59,27,27,Management,323,1312767,1312767,1689845,Female,377078
10945,Person_945,45,20,20,Management,970,1803780,2212551,2276755,Female,64204
10946,Person_946,48,31,20,Management,352,1809015,1941279,749386,Male,1191893
10947,Person_947,26,40,18,Technical,855,662068,662068,1876918,Male,1214850
10948,Person_948,31,28,6,Analytical,252,1469790,1469790,2125822,Male,656032
10949,Person_949,60,31,3,Management,879,1521317,2286546,761590,Female,1524956
10950,Person_950,26,32,28,Technical,226,1219946,1219946,975868,Male,244078
10951,Person_951,29,6,6,Analytical,531,1630193,1630193,980614,Female,649579
10952,Person_952,39,35,31,Creative,465,1099231,1099231,1186661,Male,87430
10953,Person_953,32,8,1,Analytical,427,921451,1883877,1609636,Female,274241
10954,Person_954,40,34,11,Management,518,552126,552126,684363,Female,132237
10955,Person_955,35,24,21,Technical,154,663705,663705,2067452,Female,1403747
10956,Person_956,44,28,28,Creative,205,1226262,1226262,924334,Male,301928
10957,Person_957,27,26,15,Analytical,646,687150,1185243,543796,Female,641447
10958,Person_958,25,37,26,Creative,797,1609788,1609788,1997739,Male,387951
10959,Person_959,56,36,11,Management,597,1331295,1624599,1630706,Female,6107
10960,Person_960,47,25,25,Management,840,1522964,1747856,1949684,Male,201828
10961,Person_961,33,32,32,Management,265,797957,797957,2141592,Female,1343635
10962,Person_962,44,40,31,Management,997,873320,873320,1443873,Female,570553
10963,Person_963,26,21,3,Technical,909,555086,555086,906619,Female,351533
10964,Person_964,46,26,22,Creative,465,1219880,1219880,1447223,Male,227343
10965,Person_965,31,4,4,Creative,468,2013786,2013786,1302045,Male,711741
10966,Person_966,54,5,5,Creative,586,832560,832560,776989,Male,55571
10967,Person_967,38,7,7,Management,253,1438164,1444840,1186500,Male,258340
10968,Person_968,40,24,18,Analytical,217,1800098,2077719,1891020,Female,186699
10969,Person_969,36,31,26,Management,981,687111,687111,2181614,Male,1494503
10970,Person_970,23,23,23,Technical,879,1034755,1711847,1115610,Male,596237
10971,Person_971,39,6,6,Creative,371,656231,1999742,1455843,Male,543899
10972,Person_972,55,25,21,Technical,624,996624,996624,738992,Male,257632
10973,Person_973,28,6,6,Creative,563,978090,1895496,2410441,Female,514945
10974,Person_974,44,17,17,Technical,79,1918626,1918626,2178168,Male,259542
10975,Person_975,55,39,18,Management,428,1102109,1609315,532483,Female,1076832
10976,Person_976,38,13,13,Technical,267,1272967,1272967,734955,Male,538012
10977,Person_977,48,22,18,Management,853,1803063,2382368,771836,Male,1610532
10978,Person_978,57,14,14,Management,944,1380860,1943294,677672,Male,1265622
10979,Person_979,29,13,12,Management,488,1933288,2012610,1306428,Male,706182
10980,Person_980,40,8,8,Technical,542,754090,754090,2221975,Female,1467885
10981,Person_981,34,22,22,Creative,606,1151020,1151020,1604559,Male,453539
10982,Person_982,50,22,22,Creative,394,1163936,1360304,1323819,Female,36485
10983,Person_983,37,8,8,Management,106,2350313,2350313,2453073,Female,102760
10984,Person_984,30,30,22,Analytical,975,828150,828150,996597,Male,168447
10985,Person_985,27,25,1,Management,683,648234,648234,2048142,Female,1399908
10986,Person_986,33,13,13,Technical,675,633367,633367,533936,Female,99431
10987,Person_987,51,4,4,Technical,572,1683030,1683030,1685362,Male,2332
10988,Person_988,54,16,16,Management,598,1133912,1133912,976225,Male,157687
10989,Person_989,33,22,22,Management,913,976351,1195430,634030,Female,561400
10990,Person_990,45,38,6,Analytical,845,1715107,2207154,808434,Male,1398720
10991,Person_991,31,8,8,Creative,501,1707925,2469397,1663135,Male,806262
10992,Person_992,44,7,7,Analytical,407,1506516,1581166,2153935,Female,572769
10993,Person_993,23,23,2,Creative,683,1150446,1150446,1432944,Female,282498
10994,Person_994,46,35,9,Analytical,894,1394656,1394656,2285017,Male,890361
10995,Person_995,39,29,18,Creative,200,1004685,1581864,2274093,Male,692229
10996,Person_996,35,21,21,Analytical,511,1067894,1067894,735128,Female,332766
10997,Person_997,36,30,8,Creative,375,903058,2235760,2011521,Male,224239
10998,Person_998,48,6,5,Management,402,593660,1141050,1029238,Male,111812
10999,Person_999,24,33,6,Technical,30,779119,1039813,1605615,Female,565802
11000,Person_1000,60,23,23,Analytical,397,1662912,1662912,1770696,Male,107784
